City,Accident_Count
Miami,186917
Houston,169609
Los Angeles,156491
Charlotte,138652
Dallas,130939
Orlando,109733
Austin,97359
Raleigh,86079
Nashville,72930
Baton Rouge,71588
Atlanta,68186
Sacramento,66264
San Diego,55504
Phoenix,53974
Minneapolis,51488
Richmond,48845
Oklahoma City,46092
Jacksonville,42447
Tucson,39304
Columbia,38178
San Antonio,37961
Greenville,37802
Saint Paul,37383
Seattle,36564
Portland,35399
San Jose,34536
Indianapolis,33219
Chicago,32035
Tampa,31193
Denver,30557
Kansas City,30107
Tulsa,28880
Riverside,27410
New Orleans,27354
Bronx,27297
Rochester,26866
Fort Lauderdale,26205
Detroit,24865
Grand Rapids,24764
Oakland,24674
Dayton,24572
Brooklyn,22311
Columbus,22216
San Bernardino,21990
New York,21699
Omaha,21573
Bakersfield,21390
Corona,21363
Anaheim,21293
Long Beach,21146
Hialeah,20844
Flint,20658
Washington,20505
Salt Lake City,20463
Philadelphia,20433
Lancaster,20167
Fort Worth,19766
Ontario,19642
Fort Myers,18633
San Francisco,17775
Springfield,17347
Fresno,17200
Saint Louis,17048
Birmingham,16947
Chattanooga,16671
Louisville,16644
Whittier,16617
Memphis,16570
Lexington,16430
Sarasota,16247
El Paso,16052
Spartanburg,15752
Bradenton,15680
Arlington,15494
Shreveport,15481
Kissimmee,15411
Cincinnati,14474
Newark,14226
Pittsburgh,13926
Saint Petersburg,13794
Pensacola,13269
Milwaukee,13037
Lafayette,12990
Hayward,12790
York,12734
Augusta,12410
Norfolk,12314
Anderson,12238
Madison,12089
Antioch,11900
Cleveland,11878
Stockton,11754
Montgomery,11071
Glendale,10913
Pasadena,10746
Baldwin Park,10555
Irvine,10422
Albany,10401
Tracy,10374
Hollywood,10338
Henrico,10293
Buffalo,10279
West Palm Beach,10169
Fremont,10051
Pomona,10044
Clearwater,9921
Fairfield,9906
Myrtle Beach,9706
Tempe,9531
Gardena,9479
Ocala,9456
Florence,9412
Fontana,9388
Santa Ana,9314
Norwalk,9260
Santa Rosa,9255
Alexandria,9223
Baltimore,9128
Sherman Oaks,9108
Orange,9050
Fairfax,9010
Greer,8850
Summerville,8735
Elgin,8699
Modesto,8555
Livermore,8521
Decatur,8435
Huntsville,8420
Charleston,8380
North Miami,8228
Tacoma,8210
Frederick,8070
Wilmington,8004
Woodbridge,7931
Silver Spring,7926
Homestead,7882
Downey,7868
Colorado Springs,7820
Providence,7758
Diamond Bar,7695
Colton,7651
Garner,7633
Fredericksburg,7601
Rowland Heights,7586
Virginia Beach,7575
Inglewood,7451
Salem,7385
Salinas,7356
Ogden,7318
Tallahassee,7314
Chesapeake,7256
Jackson,7219
La Puente,7212
Reno,7113
Concord,7082
Albuquerque,7074
Aurora,6965
Cerritos,6943
Compton,6940
San Leandro,6898
Mobile,6895
Sylmar,6886
Scottsdale,6882
Los Gatos,6878
Redlands,6857
Flushing,6846
Tuscaloosa,6779
Pompano Beach,6757
Norristown,6753
Mesquite,6695
San Mateo,6660
Knoxville,6647
Escondido,6572
Hartford,6537
Conway,6516
Hacienda Heights,6381
Westminster,6360
Chester,6350
Berkeley,6255
Auburn,6204
West Covina,6203
Simpsonville,6134
Bellevue,6121
Moreno Valley,6106
Mesa,6091
Fort Mill,6027
Irving,6004
Piedmont,5969
North Hollywood,5962
Chandler,5957
Hawthorne,5948
Redwood City,5872
Pendleton,5867
Boca Raton,5837
Brentwood,5818
Staten Island,5806
Hyattsville,5725
Opa Locka,5722
Castro Valley,5703
Milton,5686
Syracuse,5657
Carson,5650
Perris,5632
Garden Grove,5565
West Columbia,5489
Elmhurst,5484
Rancho Cucamonga,5468
Tustin,5465
Torrance,5465
Roseville,5434
Costa Mesa,5414
Newhall,5393
Middletown,5391
Marietta,5303
Burbank,5264
Vallejo,5241
Harrisburg,5199
Mira Loma,5186
Fort Lee,5181
Riverview,5154
Pleasanton,5141
North Charleston,5105
Bethesda,5090
Madera,5072
Greensboro,5047
Fallbrook,5046
Winter Park,5041
Chino,5023
Bloomington,5023
Ashland,5018
Petaluma,5011
Orangeburg,4980
Hampton,4953
Napa,4950
Centreville,4924
Boston,4890
Durham,4879
Manassas,4840
West Valley City,4798
Jamaica,4798
Glendora,4784
Santa Fe Springs,4742
Visalia,4737
Pacoima,4716
North Miami Beach,4691
Santa Barbara,4683
Walnut Creek,4665
Palm Harbor,4652
Palmdale,4614
Newport News,4602
Ventura,4582
Temecula,4578
Culver City,4575
Yonkers,4571
Lynwood,4569
Akron,4566
Englewood,4552
Azusa,4549
Farmington,4545
Gainesville,4540
Stafford,4496
Asheville,4487
Clinton,4473
Van Nuys,4471
Little Rock,4413
Bend,4387
Lorton,4364
Des Moines,4351
Hesperia,4346
Sterling,4325
Lehigh Acres,4300
Trenton,4257
Grand Prairie,4256
Emeryville,4249
Pittsburg,4246
El Monte,4232
Melbourne,4221
Jersey City,4214
Eugene,4192
Manor,4180
Morrisville,4169
New Port Richey,4157
Greenwood,4156
Cary,4145
Sun Valley,4124
Grand Blanc,4113
Elk Grove,4107
Gaffney,4106
Mountain View,4105
Tyler,4080
Taylors,4041
Falls Church,4035
Lake City,3992
Marysville,3977
Boiling Springs,3973
Buena Park,3971
Bonita Springs,3942
Pottstown,3939
San Marcos,3923
Pflugerville,3917
Conshohocken,3914
Santa Cruz,3900
Martinez,3900
Lake Worth,3898
Encino,3883
Renton,3875
Covington,3873
Easley,3854
San Dimas,3848
Sunnyvale,3845
Medford,3841
Huntersville,3838
Duncan,3796
Carlsbad,3795
Dublin,3781
Union,3777
Lodi,3774
San Rafael,3769
Murrieta,3767
Glen Allen,3750
Largo,3746
Vacaville,3745
Alhambra,3738
Fullerton,3732
Union City,3731
Vista,3725
National City,3710
Naples,3704
West Chester,3703
Mc Lean,3699
Winchester,3695
Independence,3683
Midlothian,3669
North Fort Myers,3668
Aiken,3665
Everett,3658
Sumter,3615
Watsonville,3606
Palo Alto,3598
Canton,3595
Spokane,3558
Fair Oaks,3555
Mission Viejo,3552
Hallandale,3551
Brandon,3540
Apex,3532
Milford,3517
San Pablo,3504
Boynton Beach,3502
Danville,3482
New Castle,3481
Paramount,3471
Charlottesville,3468
Rock Hill,3465
Duluth,3462
Knightdale,3439
Oceanside,3438
Lebanon,3434
North Highlands,3431
Bridgeport,3430
Irmo,3424
Lake Elsinore,3386
Leesburg,3382
Troy,3371
Gilroy,3352
Lakewood,3338
Halethorpe,3333
Brooksville,3323
Lombard,3316
Sunol,3312
Covina,3308
Santa Monica,3297
Arcadia,3253
Seneca,3250
Lakeland,3248
Santa Maria,3245
Brewster,3242
Acton,3241
Downers Grove,3239
Sanford,3238
Hopkins,3237
Spring Hill,3231
Monticello,3230
Lake Forest,3229
Bell Gardens,3213
Plant City,3212
Seal Beach,3212
Saint Augustine,3212
Carrollton,3206
Wesley Chapel,3198
Johnson City,3191
Lebec,3189
Hudson,3188
Brea,3181
Meridian,3179
Windsor,3160
Laurel,3148
Southfield,3135
Walterboro,3135
West Sacramento,3127
Milpitas,3126
Highland Park,3126
Draper,3125
Lutz,3122
Petersburg,3112
Monrovia,3094
Claremont,3068
Winston Salem,3052
Hanover,3048
Castaic,3048
Fort Washington,3047
Davenport,3037
Huntington,3034
King of Prussia,3033
Carmichael,3028
Miami Gardens,3026
Rye,3026
Oroville,3026
Mission Hills,3022
East Hartford,3012
Williamsburg,3010
Dixon,3009
Ladson,3003
Woodland Hills,2989
Klamath Falls,2986
Linden,2984
Del Valle,2983
Allentown,2983
Camden,2983
Merced,2981
New Haven,2978
Sparks,2977
Morgan Hill,2969
Placerville,2953
Venice,2943
Oxnard,2943
Dorchester,2942
Peoria,2941
Upland,2930
Woodside,2922
Gurnee,2913
Saint Cloud,2912
Clifton,2912
Burton,2912
Lansdale,2908
Norcross,2907
Lake Zurich,2898
Hollister,2895
Suffolk,2890
Roanoke,2885
Waterbury,2885
Vancouver,2881
Bedford,2881
Delray Beach,2879
Bellflower,2878
Toledo,2875
Palmetto,2872
Manteca,2868
Davis,2867
Garland,2867
Reading,2860
Burnsville,2857
Sandy,2854
Chesterfield,2852
Grass Valley,2833
Livingston,2827
Winter Garden,2823
White Plains,2803
Plymouth,2794
Marion,2777
Georgetown,2777
Littleton,2771
Alamo,2759
Richardson,2757
Overland Park,2756
Camarillo,2751
San Clemente,2747
San Juan Capistrano,2738
Macon,2737
Irvington,2730
South El Monte,2725
Schenectady,2724
Wake Forest,2724
Hermitage,2717
San Lorenzo,2713
Hagerstown,2706
Quincy,2703
La Grande,2696
Walnut,2695
Johnstown,2694
Manchester,2688
Dover,2681
Meriden,2680
Rosedale,2674
Rancho Cordova,2669
Wichita Falls,2663
Park City,2663
Kent,2654
Waukegan,2652
Liberty,2652
Sonoma,2651
Inman,2649
Rockville,2648
Apopka,2642
Holly Springs,2639
Oak Brook,2634
Valencia,2631
Libertyville,2629
Greenwich,2628
Lansing,2628
Selma,2622
Jurupa Valley,2618
Woodland,2616
Spring,2609
Davison,2605
Bellmawr,2602
Boise,2602
Savannah,2598
Ashburn,2593
Plano,2593
Newport,2581
Plymouth Meeting,2578
Webster,2576
Shawnee,2572
Lincoln,2567
Warren,2566
Novato,2562
Phelan,2555
Bozeman,2548
Clearfield,2543
Ambler,2540
Lenexa,2539
Edison,2524
Montclair,2523
Fountain Valley,2514
Orange Park,2510
Westport,2508
Denton,2505
South Gate,2486
Cocoa,2480
Wheaton,2452
Burlington,2445
Humble,2444
Monroe,2440
Santa Clara,2430
Encinitas,2430
North Hills,2418
Hillside,2405
Forest Park,2400
Granada Hills,2395
Tulare,2394
Barrington,2393
Clio,2387
Rosemead,2383
Kearny,2381
Lynnwood,2381
Vienna,2381
Cupertino,2381
Oakland Gardens,2368
Avondale,2364
Lehi,2359
Turlock,2357
Darien,2356
Golden,2353
Grants Pass,2351
Victorville,2336
Willow Grove,2336
Annapolis,2333
Pinellas Park,2323
Smyrna,2313
Chula Vista,2311
South San Francisco,2310
Elizabeth,2306
La Grange,2304
Mount Vernon,2292
Hammond,2291
Annandale,2290
Huntingdon Valley,2290
Franklin,2288
Redmond,2280
Panama City,2260
Latham,2260
North Chesterfield,2255
Astoria,2235
Chantilly,2235
Heber City,2234
Daly City,2234
Estero,2225
Saint Charles,2222
Monterey Park,2216
Edmond,2202
Deerfield Beach,2200
Altoona,2199
Lathrop,2198
Calabasas,2194
Brighton,2194
Lewisville,2193
Pikesville,2182
Palm Beach Gardens,2181
Maspeth,2177
North Wales,2168
Santa Clarita,2167
Stockbridge,2161
Portsmouth,2160
Moncks Corner,2159
Grayslake,2158
Hattiesburg,2157
Northport,2148
Zebulon,2143
Canyon Country,2138
Bala Cynwyd,2135
Beaufort,2121
Osseo,2107
Montebello,2095
Cutler Bay,2091
East Orange,2088
Gary,2087
West Chicago,2085
Seaside,2081
Williamsport,2081
North Augusta,2080
Madison Heights,2076
Redding,2065
Miami Beach,2063
Forest Lake,2059
Land O Lakes,2053
Carmel,2053
Yukon,2047
Collegeville,2040
Maple Grove,2028
Clermont,2028
Roseburg,2027
Lugoff,2026
Bethlehem,2026
Clifton Park,2025
Stamford,2023
Buckeye,2022
Upper Marlboro,2022
Olympia,2022
Warrenton,2018
Jefferson,2016
Dillon,2015
Cherry Hill,2011
New Rochelle,2009
Ann Arbor,2008
Fenton,2008
Woodbury,2008
Belmont,2005
Eden Prairie,2001
Willowbrook,1997
Altamonte Springs,1995
Fayetteville,1993
Port Allen,1992
Chico,1992
Goleta,1989
Utica,1989
Orinda,1985
Pueblo,1978
Midvale,1972
Dumfries,1970
Aptos,1970
Huntington Park,1966
Chapin,1966
Murrells Inlet,1964
Las Vegas,1964
Nanuet,1963
Hanford,1956
Elmsford,1955
Royal Oak,1952
Hanover Park,1943
Gaston,1941
Villa Park,1940
Belton,1939
Miamisburg,1932
Ephrata,1929
Darlington,1927
Andover,1926
Menlo Park,1924
Mundelein,1922
Glen Burnie,1915
Carlisle,1907
San Bruno,1905
Federal Way,1904
Cowpens,1900
Pleasant Hill,1899
Bothell,1898
Gaithersburg,1897
Lutherville Timonium,1895
Carol Stream,1892
Des Plaines,1890
Malibu,1886
Castle Rock,1881
Newberry,1875
Galt,1872
The Dalles,1869
Lisle,1868
Olathe,1866
Warrenville,1864
Duarte,1856
Blythewood,1852
Wayne,1848
Ridgeland,1845
Goodyear,1844
Clarkston,1839
Glen Ellyn,1838
Gilbert,1834
Rialto,1834
Rogers,1833
Zachary,1831
Ooltewah,1831
Princeton,1825
Goodlettsville,1824
Sausalito,1819
Mount Laurel,1817
Antelope,1817
Nyack,1817
Clanton,1815
Doral,1815
Longwood,1805
Abington,1803
Manheim,1800
Flagstaff,1799
Truckee,1796
Staunton,1786
Surprise,1784
St Louis,1782
Woodridge,1778
Bartlett,1777
Fort Pierce,1775
Addison,1775
Broomfield,1773
Royersford,1773
Atwater,1771
Fort Walton Beach,1769
St Petersburg,1766
Bloomfield,1764
Downingtown,1762
Dothan,1761
El Dorado Hills,1758
Warwick,1758
Seffner,1756
Oxford,1756
Sonora,1753
Daytona Beach,1753
Athens,1753
Travelers Rest,1750
Ridgeville,1750
Easton,1749
Elk River,1749
Saint Clair Shores,1747
Sandston,1743
Menifee,1743
Lithonia,1742
Blacksburg,1739
Porterville,1737
Mount Morris,1737
Simi Valley,1733
Lawndale,1733
South Jordan,1732
Valley Village,1729
San Luis Obispo,1727
Niles,1725
Forest Hills,1722
Malvern,1719
Provo,1715
Little River,1709
Cambridge,1707
Hopewell Junction,1706
Wildwood,1705
Fillmore,1704
Blue River,1691
Riverdale,1691
Somerset,1690
Seminole,1689
Novi,1688
La Canada Flintridge,1687
Stratford,1686
Bowman,1685
Lowell,1684
Tooele,1679
Mill Valley,1674
Kennesaw,1669
Cottage Grove,1667
Merritt Island,1664
Tucker,1663
Los Banos,1661
Elkins Park,1660
Round Rock,1658
Laguna Hills,1653
Baker City,1652
Pelzer,1651
Byron,1648
Mankato,1644
Romulus,1641
Yemassee,1637
Newburgh,1637
North Little Rock,1632
Sanger,1632
West Jordan,1631
Elkton,1628
Los Alamitos,1625
Glenside,1624
Merrick,1624
Oxon Hill,1623
Ripon,1619
Saint George,1615
Harrisonburg,1612
Metairie,1612
Delano,1609
Commerce,1608
Maricopa,1604
West Hartford,1603
Jenkintown,1596
Citrus Heights,1596
Hartsville,1591
Laurens,1591
Paramus,1585
Kingwood,1582
Willits,1582
La Jolla,1579
Hendersonville,1577
Oakdale,1576
Mechanicsville,1574
Tarpon Springs,1572
Catonsville,1569
Abingdon,1569
Clover,1569
Tarzana,1568
Inver Grove Heights,1566
West Harrison,1562
Lees Summit,1562
McDonough,1552
Harleysville,1549
Ruther Glen,1547
Paterson,1547
Ceres,1547
Layton,1543
Goose Creek,1540
Aberdeen,1534
Puyallup,1531
Pinole,1526
Linthicum Heights,1526
San Gabriel,1524
San Juan Bautista,1523
Weston,1520
Jamestown,1519
South Amboy,1518
Katonah,1517
Parsippany,1515
Hardeeville,1510
Spring Valley,1507
Paso Robles,1507
Wichita,1507
Patterson,1507
Chatsworth,1505
Agoura Hills,1504
Eureka,1502
Prattville,1501
Highland,1501
Coatesville,1500
Shakopee,1500
Beaverton,1499
Gibsonton,1498
Tehachapi,1497
Lanham,1496
Los Altos,1493
Orem,1491
Wolf Creek,1490
Jasper,1485
Larkspur,1483
Hixson,1481
Burlingame,1481
Spanish Fork,1478
Deland,1478
Norco,1477
Beltsville,1474
Ormond Beach,1469
Alpharetta,1467
Pelham,1467
Roslyn Heights,1466
Colfax,1466
Carson City,1464
Hastings,1461
Suitland,1460
Nevada City,1459
Clayton,1455
Little Neck,1454
Daphne,1453
Punta Gorda,1453
Colonial Heights,1452
Exton,1448
Bristol,1447
Dearborn,1445
Whitehall,1445
Lakeville,1443
Hinsdale,1441
Marshall,1440
Watervliet,1437
Live Oak,1435
Dade City,1432
Shingle Springs,1429
Swartz Creek,1429
Benicia,1427
Nottingham,1422
Bay Shore,1421
Temple Hills,1420
Elizabethtown,1418
Cedar City,1418
Blue Bell,1414
Roebuck,1413
Wasco,1413
Delaware,1412
Chiloquin,1411
Altadena,1410
Lititz,1410
Germantown,1409
Montrose,1408
City Of Industry,1407
Newbury Park,1407
Lynchburg,1407
Huntington Station,1406
Tualatin,1405
Henderson,1404
Fresh Meadows,1404
Loris,1399
Williams,1399
Ukiah,1398
Studio City,1396
West Nyack,1394
Fountain Inn,1393
Sebastopol,1391
Woodstock,1390
Statesville,1388
Joppa,1388
Yuba City,1387
Nipomo,1385
Matthews,1383
Lost Hills,1380
Duncanville,1376
Buford,1374
Bensalem,1374
Clarksville,1372
Orangevale,1371
Tarrytown,1369
Portage,1368
Kirkland,1367
Wyoming,1361
Monterey,1360
North Salt Lake,1358
Swansea,1357
Billings,1357
Bellingham,1355
Pawtucket,1351
Elkridge,1351
Greenbelt,1348
Towson,1348
Salisbury,1347
Cranston,1346
Whitestone,1344
Lake Mary,1343
San Ramon,1343
Kingston,1340
Ellicott City,1340
Little Falls,1338
Cottondale,1337
Port Saint Lucie,1337
Grand Terrace,1336
Salida,1334
Clovis,1332
Carpinteria,1331
Payson,1331
Chesnee,1329
Madras,1326
North Bergen,1323
Richfield,1317
Cloverdale,1317
Teaneck,1316
Rocklin,1314
Horsham,1313
Mooresville,1312
Lawrenceville,1311
Crescent City,1310
Chevy Chase,1309
Cranford,1309
Holiday,1307
Greenfield,1306
Livonia,1304
Bordentown,1304
Ocoee,1303
Tolleson,1301
Roy,1301
East Brunswick,1295
Isleton,1295
Winnsboro,1294
King Of Prussia,1292
Port Richey,1289
Ballston Spa,1287
Moore,1286
Lompoc,1285
Gwynn Oak,1285
Taylor,1284
Castroville,1278
Pickens,1273
Saint Matthews,1272
Cedar Rapids,1272
Phoenixville,1272
Valley Stream,1266
Westlake Village,1265
French Camp,1265
Plainville,1264
Council Bluffs,1262
Longs,1261
American Canyon,1260
Curtis Bay,1255
Kingsburg,1254
Bridgeton,1254
La Crescenta,1254
Hatboro,1254
Gustine,1253
Waldorf,1252
Wadsworth,1251
Belleville,1249
Sun City,1249
Oregon City,1248
Wethersfield,1248
Hatfield,1245
Calistoga,1244
Cortlandt Manor,1243
Forsyth,1239
Penfield,1239
Wendell,1237
Kaysville,1237
Huntington Beach,1234
Central Point,1234
Long Island City,1233
Yorktown Heights,1232
Hillsboro,1232
Secaucus,1231
Faribault,1224
Ruskin,1224
Plainfield,1224
Half Moon Bay,1218
Westbury,1217
Bellefonte,1217
Cullman,1214
Hamilton,1213
Timmonsville,1211
Bishopville,1211
Ellenton,1211
Williamston,1209
Arroyo Grande,1209
Berlin,1208
Harrison,1208
Brandywine,1207
Red Bluff,1207
Olivehurst,1207
Hazel Park,1206
Missoula,1205
Acampo,1205
Bluffton,1202
Millersville,1198
Santa Paula,1196
North Port,1196
Hephzibah,1195
March Air Reserve Base,1195
Round Lake,1194
Latta,1193
Avon,1192
Ft Mitchell,1190
Dunn,1189
Newnan,1186
Del Mar,1186
Blackwood,1186
San Pedro,1184
Baker,1183
Saratoga Springs,1183
Parkville,1182
Sunny Isles Beach,1179
Parker,1179
Balch Springs,1178
Gray Court,1176
Grove City,1174
Bowie,1171
Mojave,1171
Rosamond,1170
Cottonwood,1169
Newton,1169
Oviedo,1167
Roselle,1167
Melville,1166
North Chicago,1166
Rome,1166
Miami Lakes,1162
Magna,1161
Bayside,1160
Wantagh,1160
Wellford,1155
Wappingers Falls,1154
Bel Air,1150
Rockwall,1149
Maitland,1148
Rockledge,1147
Arden,1144
South Ozone Park,1144
Jupiter,1143
Waltham,1136
Weehawken,1133
East Elmhurst,1132
Jordan Valley,1132
El Sobrante,1129
Commerce City,1127
Summerfield,1127
Erie,1124
College Park,1121
Camp Pendleton,1119
New Albany,1119
Conroe,1118
Hurst,1117
Austell,1117
Cordova,1116
Defuniak Springs,1114
Woodburn,1114
State College,1113
King George,1113
Toms River,1112
Old Westbury,1112
Gretna,1110
Hazelwood,1110
Joliet,1110
Porter Ranch,1109
Manning,1109
Palm City,1109
Naperville,1109
Ridgefield,1107
Greensburg,1106
Quinton,1106
Capitol Heights,1104
Centerville,1102
Pineville,1102
Murfreesboro,1101
Crestview,1100
Kalispell,1099
Coalville,1099
Fishkill,1099
Chowchilla,1098
Rio Linda,1097
Mechanicsburg,1092
Danbury,1092
Jericho,1089
Clackamas,1089
Iselin,1086
Verona,1085
Bolingbrook,1084
Johnston,1082
Clarksburg,1080
Lemoore,1079
Moorpark,1078
Folsom,1077
Lake Charles,1076
Fowler,1075
Westerville,1073
Valyermo,1073
Joelton,1071
Lithia Springs,1070
Billerica,1066
Yulee,1065
Corning,1063
Benton,1061
Saluda,1057
Holbrook,1056
Navarre,1056
Campbell,1055
Buffalo Grove,1054
Buchanan,1053
Apple Valley,1050
Laguna Niguel,1049
Jessup,1049
Windsor Mill,1047
Hercules,1047
Artesia,1047
La Pine,1046
Hurricane,1045
Cromwell,1045
Running Springs,1043
Waynesville,1043
Anoka,1041
Nephi,1039
Alta,1036
Albert Lea,1035
Fletcher,1032
Scott,1030
Woodruff,1030
Lake Villa,1028
San Carlos,1027
Erlanger,1026
Fort Collins,1025
Bronxville,1025
Northfield,1022
Morristown,1021
San Fernando,1020
Groveland,1019
Sebring,1018
Whites Creek,1017
Waterloo,1016
Frisco,1014
Leeds,1013
Woodford,1010
Fountain,1008
Maupin,1008
Morgantown,1007
Coalinga,1006
Gulf Breeze,1003
West Hempstead,1003
Fairview,1002
Sedona,1001
Berwyn,1000
Zephyrhills,1000
Bennettsville,1000
Coos Bay,998
Hobe Sound,996
Thousand Oaks,995
Polk City,994
Roosevelt,994
Suffern,991
Rensselaer,989
La Verne,988
Scranton,986
San Martin,985
Randolph,985
Coral Gables,985
American Fork,983
Great Neck,982
Ardmore,981
Soda Springs,979
Grapevine,978
Tonawanda,976
Perry,975
Yorba Linda,974
Triangle,974
Herndon,971
Brookfield,970
Cantonment,970
Wytheville,970
Pioneer,970
Bessemer,967
Holland,967
Chelmsford,967
Leesville,967
Mount Pleasant,966
Gloucester City,962
Valley Springs,959
Delhi,958
West Linn,957
Kalamazoo,956
Okeechobee,956
Pittsford,955
Urbandale,955
Barstow,951
Richburg,951
Glenwood Springs,950
Morgan,949
Loveland,949
Clark,949
Tinley Park,949
Ypsilanti,947
Oak Park,945
Springville,945
Stevensville,945
Eagle Point,944
Bonsall,944
Ridgeway,943
Brookville,942
Hamburg,942
Mayer,942
Scotts Valley,941
Katy,940
Cardiff By the Sea,940
Dania,939
Healdsburg,939
Massapequa,939
Allen Park,938
Farmingdale,937
Deerfield,936
Ojai,934
Millbrae,934
Graniteville,934
Black Canyon City,934
Smithfield,933
El Cajon,932
Aventura,929
Earlimart,929
Mansfield,927
Vernon Hills,925
Crawfordville,924
Chino Hills,922
Mountlake Terrace,921
Middleburg,920
Queens Village,920
Beacon,918
Nampa,917
Coarsegold,915
Hauppauge,915
Oneonta,914
Arvada,911
Saginaw,910
Odessa,909
West des Moines,909
Arnold,908
Titusville,908
Marianna,907
Zion,906
Newcastle,906
Rocky Hill,905
Vail,905
Littlerock,905
Exeter,905
Wynnewood,905
East Saint Louis,904
Myersville,903
Pawleys Island,902
Cartersville,901
Chelsea,899
Braintree,899
Iowa City,898
Thornton,898
Royal Oaks,896
Mount Airy,896
Rodeo,895
Strasburg,895
East Rutherford,893
Griffin,893
Manhasset,893
Eastover,892
Batavia,892
Hermiston,892
Waynesboro,891
Lake Station,891
Freeport,890
Powhatan,888
Port Chester,885
Green Bay,885
Kingman,884
Wyncote,883
Marana,883
Waterford,882
Youngsville,881
Bossier City,881
Waukesha,880
Wheat Ridge,879
Purcellville,878
Alachua,877
Owatonna,875
New Cumberland,875
Fair Play,872
Arvin,871
Woburn,870
Quantico,869
Liverpool,868
Gettysburg,868
Ladera Ranch,865
Bryn Mawr,863
Papillion,863
Beech Island,862
Rio Vista,861
Gansevoort,860
Bloomsburg,860
Sunbury,859
Tillamook,858
Bishop,858
King City,857
Mendota,857
Winfield,857
Crockett,857
East Providence,856
Methuen,855
Chambersburg,855
Harbor City,851
Branford,850
Jemison,848
Granite Bay,847
Buda,847
Pekin,847
Garden City,846
Sheridan,845
Trumbull,844
Santee,844
Perryville,842
Scarsdale,842
Peabody,841
Wilton,840
Palm Bay,839
Southington,839
Somis,839
Snohomish,837
Myrtle Creek,837
Saratoga,836
Cascade Locks,835
Mamaroneck,835
Corbett,835
Susanville,834
Hood River,834
Effingham,833
Mc Farland,833
Bridgewater,831
Rocky Mount,830
Schaumburg,828
Soledad,828
Ridgewood,828
West Babylon,827
Bellaire,827
Soquel,827
North Powder,826
Christiansburg,822
Wilsonville,821
Gold Hill,821
South Lake Tahoe,819
Harleyville,818
North Bend,818
Reedley,818
Fords,817
Firebaugh,816
Boulder,815
Richmond Hill,815
Micanopy,814
Northbrook,812
Tonopah,811
Wells,811
Pleasant Grove,810
Stuart,810
Carnegie,808
Palm Coast,805
Vero Beach,805
Lewistown,805
Conyers,804
Wauconda,802
Stone Mountain,801
Wildomar,801
West Haven,800
Commack,800
Mariposa,799
Great Falls,799
Central,798
Blue Springs,797
Boulder Creek,795
South Saint Paul,794
Leawood,794
East Peoria,791
Bellmore,791
New Brunswick,790
South Miami,789
Suwanee,789
Corvallis,789
La Vergne,789
Caledonia,787
Rockford,787
Circle Pines,787
Fairport,785
Oakhurst,784
Saint Helena,783
Okatie,783
Riverton,782
Phillipsburg,782
Fairfax Station,780
Lanexa,780
Evansville,780
Lagrangeville,777
Dorchester Center,775
Gastonia,774
Brigham City,774
Government Camp,774
Pembroke Pines,773
Crestline,773
Palmetto Bay,772
Wallingford,769
South Pasadena,768
Pleasantville,767
Templeton,767
Benson,766
Morrow,766
Issaquah,765
Winston-Salem,765
Palatine,765
Windermere,764
Lamont,764
East Syracuse,764
Sauk Centre,764
Vernon,764
Martinsburg,763
Hightstown,763
Catskill,763
Telford,763
Helena,763
Winton,763
Longmont,763
Lemoyne,763
Lakehead,760
Bellerose,758
Lewisburg,757
Sloatsburg,757
Kerman,756
Escalon,756
Kernersville,756
Montgomeryville,755
Ronkonkoma,754
Dunedin,754
Cape Coral,753
Sumner,753
Locust Grove,751
North Salem,750
Doswell,749
Lakeview,749
Apollo Beach,748
Fairmont,748
Cedar Park,748
District Heights,747
Marcus Hook,747
Fort Wayne,747
Clyde,747
Putnam Valley,746
Dinuba,745
Pollock Pines,745
Burns,745
Harper Woods,745
Schwenksville,744
Hempstead,743
Enoree,742
Lakeport,742
Framingham,742
Mercer Island,741
Lake Worth Beach,741
Philipsburg,740
Gig Harbor,738
Oak Creek,737
Elmwood Park,737
Corte Madera,737
Greenwell Springs,736
Gonzales,735
Souderton,735
Newberg,735
Plainview,735
Clatskanie,735
Huron,734
Grantville,733
Hillsborough,732
Brockport,732
Dalton,730
North Branch,730
Panama City Beach,730
North Haven,728
New Britain,728
Evergreen,727
Atascadero,725
Acworth,724
Parkton,724
Oakridge,723
Springfield Gardens,723
Opelika,723
Dunn Loring,722
Orland,722
Lake George,722
Prosperity,721
Townville,720
Bloomingdale,719
Tewksbury,719
Holly,719
Camp Hill,718
Auburn Hills,716
Jonestown,716
Hackensack,716
Hebron,716
Battle Creek,716
Placentia,714
Hugo,714
Midway,714
Zionsville,713
Euless,712
Reddick,712
Appleton,711
Stillwater,711
Shelton,710
Lawrence Township,710
Cumberland,709
Mission,708
Old Hickory,708
Cheshire,707
Bensenville,707
Rohnert Park,706
Bedminster,706
Kelseyville,706
Damascus,706
Lumberton,706
Lindsay,706
Worcester,706
Forney,705
Trinidad,705
Powell,705
Macclenny,704
Nashua,703
Gloucester,702
Lamar,701
Richland,701
New Paltz,700
Nokomis,700
Howard Beach,700
Stevenson Ranch,699
El Segundo,698
Woods Cross,694
Rhinebeck,693
Mount Kisco,692
Tyrone,692
Thompson,691
Norden,691
Nuevo,691
Ossining,690
Parrish,689
Skokie,689
Gilbertsville,688
Breaux Bridge,688
McLean,688
Winona,688
O Fallon,688
Beaver,687
Pacific,686
Ridgefield Park,686
North East,685
Edgewood,685
North Billerica,685
Queensbury,685
Narberth,685
Vale,684
Grand Island,683
Brainerd,683
Dillsburg,680
Felton,679
South Holland,679
Holt,678
Rancho Santa Fe,676
Happy Valley,676
Somerville,676
Summerton,675
Chaska,673
Campobello,671
Buttonwillow,670
Fallon,669
Kenilworth,669
Charlestown,668
Blythe,667
Kettleman City,666
Davie,666
Maywood,665
Henrietta,665
Elliston,665
Superior,662
Islandia,662
Saint Michael,661
New Kent,661
Williston,661
Laveen,660
Aldie,660
Broussard,660
Sharon,659
Vance,659
Du Bois,656
Stroudsburg,656
Merrillville,656
Deltona,655
Holly Hill,655
Victor,655
Lake Havasu City,654
Morrison,654
Tanner,653
Brunswick,653
Spring Grove,653
Sewickley,653
Haverhill,653
Fairburn,653
Janesville,652
Armonk,651
Yreka,650
Chapel Hill,650
South Charleston,648
Grandview,648
Foxboro,648
Posen,647
Willard,647
Lafayette Hill,646
Monroeville,646
Ankeny,646
Batesburg,644
Hemet,644
Mims,643
Allen,642
Saint Regis,642
Saddle Brook,641
Weyers Cave,640
Westlake,640
Honea Path,640
Owings Mills,640
Bridgeville,640
Poughkeepsie,640
Central Valley,639
Clinton Township,637
Silver Plume,637
Penn Valley,637
Houma,635
Ingleside,635
St Augustine,635
Gulfport,632
West Orange,632
Kenner,632
Prineville,632
Eatontown,631
Hopland,630
Brisbane,630
New Braunfels,630
Harrison Township,629
Bay Point,629
Snowville,628
Green River,627
Youngstown,627
Hoffman Estates,627
Saint Peter,627
Silver Springs,626
Godwin,626
Gladwyne,625
Itasca,625
Dos Palos,625
Otis,625
Aromas,624
Ellenwood,623
Midland,623
Bear,622
Syosset,622
Selinsgrove,622
New Market,621
Cornelius,621
Ringgold,621
Fuquay Varina,621
Saugerties,621
Spencerport,621
Lewis Center,620
Hickory,620
Hazel Crest,620
Langhorne,619
Rowlett,619
Moss Landing,619
Warrior,617
Max Meadows,617
Havre de Grace,616
Seymour,616
Santa Margarita,616
Seaford,615
Leander,615
Pismo Beach,615
Essex,613
Floriston,613
Cotati,613
Maryland Heights,612
Junction City,612
Essington,611
Spotsylvania,611
Hackettstown,611
Emporia,611
Bowling Green,610
Walton,609
Carteret,609
Dundee,608
Wentzville,608
Glendale Heights,607
Oldsmar,607
Somers,607
La Palma,606
Churchville,606
Selkirk,606
New Smyrna Beach,606
Calera,605
Cannon Falls,605
Abbeville,604
Enfield,604
Homeland,604
Hammonton,604
Schertz,604
Ijamsville,604
North Richland Hills,603
Pixley,602
Woodlyn,602
Afton,601
Little Mountain,601
Ione,601
Grantsville,601
Redondo Beach,601
Kennett Square,601
Justice,601
Edinburg,600
Andrews,599
Landrum,598
Brookings,597
Lyman,597
Newport Beach,597
Ellendale,596
Mentone,595
Caldwell,595
Claymont,594
Belgrade,594
Rainier,594
Immokalee,591
Carlton,591
Louisa,591
Thomasville,591
Douglasville,590
Lenhartsville,589
Leola,588
Umatilla,587
Goshen,587
Graham,587
Bushnell,586
Montague,586
Opa-Locka,585
Fort Bragg,584
Jordan,584
Pooler,584
Tipton,583
Jonesboro,583
Saint Peters,582
Clearlake Oaks,581
Bridgeview,581
Port Charlotte,581
Duncansville,580
East Greenwich,580
Keasbey,579
La Mirada,578
Davidson,577
Dunnellon,577
Edwards,575
Grandville,575
Howell,575
Walhalla,575
Waco,574
Irwin,574
Tahoe City,572
Theodore,571
Wimauma,571
Loomis,570
Eagle,570
Hinckley,569
New River,569
Pacifica,569
Gilchrist,569
Hillsville,569
Calhoun,569
Quakertown,569
Kenansville,569
Jonesborough,567
Alabaster,567
Dresher,566
Roswell,565
Santa Rosa Beach,565
Benton Harbor,565
La Vista,565
Candler,564
La Mesa,564
Elk Grove Village,564
Llano,564
Marlton,564
Red Hook,563
Dexter,563
Rutherford,563
Reston,562
Westfield,562
Mount Shasta,562
Arcata,561
Waverly,561
Fort Smith,561
Newtown,561
Winters,561
Chemult,561
Lenoir City,561
Lincolnshire,560
Ridgecrest,559
Iva,559
Coquille,559
Taft,558
West Memphis,557
Southport,556
Temple,556
Westville,556
Key Biscayne,554
Valrico,554
Meacham,554
Arlington Heights,554
Saint Johns,553
Discovery Bay,553
Pine Grove,550
Ganado,550
Butte,549
Brick,549
Lincoln Park,549
Swedesboro,549
Grand Ronde,548
Sunland,548
Enterprise,546
Capitola,545
Rosemount,545
Savage,544
Muncy,543
Melrose Park,542
Highland Falls,542
Hilmar,541
Holmdel,541
Elkhorn,541
Lake Dallas,540
West Point,539
Prescott,539
Zumbrota,538
Schiller Park,537
New London,537
Hopkinton,537
Paradise,536
Perrysburg,536
Jonesville,536
Burleson,535
Weed,534
Halifax,534
Topanga,533
Deer Park,532
Lawrence,532
Cumming,531
Monument,530
Front Royal,527
Londonderry,526
Woodbine,526
Shippensburg,525
Spicewood,524
Red Lion,524
Elko,524
Markham,524
Millville,524
Mount Joy,524
Rockwood,523
Pennsauken,523
Albertville,523
Kershaw,523
Gordonsville,523
Cookeville,522
Redford,522
Perth Amboy,522
Bealeton,521
Wheatland,521
Pala,521
Whitmore Lake,521
Bemidji,520
Bremerton,520
Hodges,520
Cypress,520
Kingstree,519
Southbury,519
North Babylon,519
Townsend,519
Mineral,519
Mapleton,518
Morton,517
Elizabethport,517
Yorktown,517
Slidell,517
Baytown,516
Crescent,516
Prospect,516
New Windsor,516
Forestville,515
Big Sur,515
Aynor,514
Wendover,513
Lake Stevens,513
Newman,513
Wakefield,512
Mill Hall,512
Howard,511
Florissant,511
Mcminnville,510
Creswell,509
Raphine,509
Mullins,508
Willows,508
Solana Beach,508
Lake Oswego,508
Monroe Township,507
Lower Lake,507
Troutville,507
Reisterstown,507
Hamtramck,506
Collinsville,506
Revere,506
Sisters,505
Colmar,505
Idleyld Park,505
Attleboro,505
Hilliard,505
Rolling Meadows,504
Reedsport,504
Roxbury,503
Dupont,502
Ocean City,502
Banks,501
Melrose,501
New Holland,501
Pulaski,501
New City,501
Media,500
Villa Rica,500
Washoe Valley,500
Greenbrae,500
Bayonne,500
San Andreas,499
Christmas,499
Caryville,498
Gotha,498
Southaven,498
Annville,497
Larchmont,496
Winslow,494
Guerneville,493
Queenstown,493
Bradford,493
McMinnville,492
Chipley,492
Goodrich,491
Mason,491
Saint Joseph,491
Alsip,490
Dundalk,489
Lake Arrowhead,489
McKinney,489
Wilson,488
Mount Holly,488
Rego Park,488
Uniondale,487
Upper Lake,487
Marina Del Rey,487
Sugar Land,487
Milan,486
Morganton,486
Pine City,485
Neptune,484
North,484
Bountiful,483
Dinwiddie,482
Piscataway,482
Ripley,481
Lakeside,481
Needles,481
Conley,480
Pico Rivera,479
Paragonah,479
Marina,479
Grosse Tete,478
Saugus,478
Stoughton,477
Duxbury,477
East Haven,477
Reynoldsburg,476
Carencro,476
LA Place,476
Villanova,476
Alcolu,475
Merchantville,475
Roslyn,475
Wetumpka,475
Caliente,475
Broken Arrow,474
Port Wentworth,472
Loganton,472
Loma Linda,472
Walnut Grove,471
Manhattan,471
Chesterton,471
Starr,470
Port Matilda,470
Moss Point,470
Grovetown,469
Casa Grande,469
Glen Rock,469
Chatham,469
Metuchen,469
Sykesville,468
Toano,468
Yuma,468
Belleview,468
Phenix City,468
Martinsville,467
Jeffersonville,467
Briarcliff Manor,466
Phelps,466
Calumet City,466
Weatherford,465
Bohemia,465
Ebensburg,464
Halfmoon,464
Long Grove,464
La Porte,463
Bradley,463
Keene,462
Lake Placid,461
Garrison,461
Millbrook,460
Lake Bluff,460
Providence Forge,460
Hillburn,460
Scottsville,459
Cheltenham,459
Orosi,458
Inwood,458
Casselberry,458
Ridley Park,458
Lewiston,458
Vandalia,458
Troutdale,457
Cambria Heights,457
Bay City,457
Rancho Santa Margarita,457
Huntingdon,456
Feasterville Trevose,456
Valley Center,456
Cabin John,456
Corfu,456
Patchogue,456
Hemingway,456
Signal Hill,455
Southfields,455
Wofford Heights,455
Hancock,455
Leland,455
Le Roy,455
Northville,454
Sloughhouse,454
Wharton,454
Pamplico,454
Wrightwood,453
Cockeysville,453
Allston,453
Amityville,453
Haymarket,452
Mount Crawford,452
Thurmont,452
Mc Calla,452
Mc Donald,452
Crawfordsville,451
El Mirage,451
Kenosha,450
Jamaica Plain,450
Kew Gardens,450
Caruthers,449
Middlebury,449
Hernando,448
Mebane,448
Mountville,447
Ferndale,447
Worthington,447
Flat Rock,446
Binghamton,446
Plantsville,446
Lake Elmo,445
Pageland,445
Fulton,445
Cameron,445
Huntley,445
Spanaway,444
Brothers,444
Homosassa,444
Frankfort,444
Wheeling,444
Boardman,444
Danvers,444
Dedham,443
Hughson,443
Wexford,443
Wixom,442
Elverta,442
Detroit Lakes,442
Matawan,442
El Dorado,441
Guilford,441
Lockport,441
Peekskill,441
Drummond,441
Holtsville,441
High Point,440
Pike Road,440
Salome,440
John Day,440
Cicero,440
Chanhassen,439
Ames,439
Waxahachie,438
Fishers,438
White City,437
Belmar,437
Norwood,436
West Union,435
South Chesterfield,435
Glencoe,435
Thonotosassa,435
Rush City,434
Missouri City,434
Severn,433
Otisville,433
Channelview,433
Wellington,432
Arbuckle,432
Denham Springs,432
Culpeper,431
Jennings,431
Chehalis,431
Marlborough,430
Aston,429
Debary,429
Sauk Rapids,429
Santa Ynez,429
China Grove,429
Amsterdam,429
Westmont,429
Palatka,428
Ben Lomond,427
Strathmore,427
Johnsonville,427
Key Largo,426
West Newton,426
Capistrano Beach,426
Breezewood,426
Wickenburg,425
Bandon,425
Keswick,424
Geyserville,424
Summit,423
McArthur,423
Gresham,423
Longview,423
Verbena,422
Sun City Center,422
Haltom City,421
Springdale,421
Canastota,421
Egg Harbor Township,420
Culver,419
Amelia Court House,419
Wilkes Barre,419
West Coxsackie,419
Echo,419
Elko New Market,418
Cheraw,418
Angels Camp,418
Wayzata,417
Dunkirk,417
Ashby,417
Stephens City,417
Broadway,417
Pleasant Valley,416
Sorrento,416
Whitsett,416
Callahan,416
Mount Dora,415
Silver Lake,415
Norwich,415
Alpine,414
Cascade,414
Adel,414
San Ysidro,414
Watertown,414
Champlin,413
Shorter,413
Port Huron,413
Rembert,412
Eden,412
Mckinleyville,412
Lindon,411
Daleville,411
Colusa,411
Delta,410
Perry Hall,410
Pinon Hills,410
Bonifay,409
Shaver Lake,409
Pennsburg,409
Alva,409
Berryville,408
Magalia,408
Hayden,407
Minden,407
Hubbard,407
Flourtown,407
Wade,406
Glen Saint Mary,406
Citra,406
North Brunswick,405
Dalzell,403
Leonia,403
Scottsburg,403
Marriottsville,403
Powell Butte,402
Dandridge,402
Ballston Lake,402
Cardwell,402
Kannapolis,401
Sterling Heights,401
Penngrove,401
Trinity,401
Cave Junction,400
Mattapan,400
Cape May Court House,400
Bethel,400
Litchfield,400
Beaumont,400
Molalla,400
Guild,399
Cle Elum,399
Coraopolis,399
Ninety Six,399
Kane,399
Irrigon,399
Kinards,399
Hamden,399
Austinville,398
Fleming Island,398
Fairplay,398
Eloy,398
Gardner,398
Riverhead,398
Warsaw,398
Blountsville,398
Smithtown,397
Rock Springs,397
Port Orchard,397
Red Bank,396
Coolidge,396
Inverness,396
Royse City,396
Lock Haven,395
Crossville,395
Byron Center,395
Derwood,395
Maple Shade,395
Valdosta,395
Myakka City,395
Santaquin,394
Burke,394
Duncannon,394
Crozet,393
Luray,393
Morrisdale,393
Medina,393
Lake Isabella,393
Heflin,392
Weaverville,392
Muskegon,392
Hibbing,391
Lyons,391
Malverne,391
Carmel Valley,390
Vida,390
Osprey,389
Amherst,389
Helendale,389
Camino,388
LaGrange,388
DeLand,388
Pomaria,387
Tomball,387
Taylorsville,387
Vernal,387
Rockland,387
Brockton,387
Bigfork,387
Stanton,387
Barnwell,387
Westford,387
Lee,386
Shortsville,386
Show Low,386
Usaf Academy,386
Mays Landing,386
Cameron Park,385
Salina,385
Round O,384
Fargo,384
Hughesville,384
Mocksville,383
Hooksett,383
Broomall,382
Hampstead,382
Weedsport,382
Hanceville,382
Belle Vernon,381
Terrell,381
Totowa,380
Garberville,380
Pelion,380
Granite City,380
Chappaqua,380
Conservation,380
Brodnax,379
Grand Bay,378
Morris,378
Galena,378
Verdi,378
Terra Bella,378
Lee's Summit,378
Gold Beach,378
Saint Rose,378
Hazlet,378
Lynnfield,377
Mokelumne Hill,377
Monmouth Junction,377
Ochopee,376
Seabrook,376
Boring,376
Moraine,376
Palmyra,376
Adelanto,375
Galivants Ferry,375
Bow,375
Mammoth Lakes,375
Helper,375
Corcoran,375
Edgerton,375
Mahwah,375
Stacy,374
Chattahoochee,374
Romeoville,374
Choctaw,374
Halsey,374
Laytonville,374
Sturtevant,374
Blue Lake,373
Hyde Park,372
Nassau,372
Shorewood,372
Silverton,371
Nichols,371
East Meadow,371
Trabuco Canyon,371
Newville,371
Mitchell,370
Old Bridge,370
Franklin Park,370
Friant,370
Williamstown,370
Shelbyville,370
Port Orange,370
Barboursville,369
Glen Ellen,369
Canal Winchester,368
Adrian,368
Drain,368
Republic,368
Laramie,367
Gladstone,367
Kutztown,367
Kingsville,366
London,366
New Hartford,366
Cutler,365
Congress,365
Willmar,365
Latrobe,364
League City,364
The Plains,364
Stanfield,364
Southampton,363
Wamsutter,363
Ruckersville,363
Natural Bridge,363
Mint Hill,363
Jersey Shore,363
Lone Tree,363
Eustis,363
Vicksburg,362
New Oxford,362
East Lyme,362
Gap,362
Platteville,362
Robertsdale,361
Albion,361
Myers Flat,360
Gardnerville,360
Fort Valley,360
Orange City,360
Toms Brook,360
Greencastle,359
Delaplane,359
Sioux City,359
Boonville,358
Tangent,358
Kyle,358
Gridley,358
Warrensburg,358
West Lake Hills,358
Bella Vista,357
Gervais,357
Friendswood,357
Loxley,357
Labelle,357
Crownsville,356
Spokane Valley,356
Fortuna,356
Canby,356
Poulsbo,356
Kensington,356
Groveport,356
Summerland,355
Stony Point,355
Vinton,355
Camp Sherman,355
Wilderville,355
Courtland,355
Wallace,354
Foresthill,354
Nitro,354
Nicasio,354
Boonsboro,353
Letohatchee,353
Aitkin,353
Merrimack,353
Hornbrook,353
Fancy Gap,353
Sutherlin,353
Shafter,352
Avon Park,352
Mauldin,352
Rockville Centre,351
Potomac,351
Miramar Beach,351
Barnesville,351
Lewisberry,350
Edgewater,350
Vernon Rockville,350
Braselton,350
Glastonbury,349
Fort Myers Beach,349
Pebble Beach,349
Shingletown,349
New Lenox,349
Holmes,348
Crown Point,348
Old Lyme,347
Windber,347
Cheyenne,347
Zolfo Springs,347
Jarratt,346
Enola,346
Old Fort,346
Niagara Falls,346
Pearl,346
Boron,346
Auburndale,346
Gila Bend,346
Carlstadt,345
South Hill,345
Estacada,345
Forest Grove,345
Westwood,344
Myrtle Point,344
Mifflinburg,344
Hogansville,344
Dakota,344
Whitefish,344
Shirley,344
Etters,344
Cambria,344
Murphys,343
Doyle,343
Centre Hall,343
Punxsutawney,343
Trout Run,342
Castleton on Hudson,342
Bodega Bay,342
Parma,342
Shandon,341
Butler,341
Marina del Rey,341
Bonner Springs,341
Rolesville,340
Marathon,340
New Berlin,340
Talent,339
Mustang,339
Marengo,339
Copperopolis,338
Robbinsville,338
Lindenhurst,338
Cross,337
Bolton,337
Fishersville,337
Markleeville,337
Tuckerton,337
Canonsburg,337
Stewartville,337
Beachwood,336
Sewell,336
Lemont,336
Ozark,336
Osakis,336
Eglin AFB,336
Waterville,336
Klamath,335
Harriman,335
Avenal,335
Mifflintown,335
Crystal River,335
Vineland,334
Penns Grove,334
Los Osos,334
Cleves,334
Brownsburg,334
Penryn,334
Blue Earth,334
Pearland,334
Old Chatham,333
Forest,333
Ardsley,332
Paradise Valley,331
Rockingham,331
Wallkill,331
Havana,330
Kokomo,330
Hayfork,330
Coleville,330
Schodack Landing,330
Fincastle,329
Denair,329
Gable,329
Stoneham,329
Littlefield,329
Frazier Park,329
Chambers,329
Sandy Hook,328
Raymond,328
Huger,328
Loganville,328
Midway City,327
Bonneau,327
Beach Park,327
Baldwin,326
Ash Fork,326
Canaan,326
Remington,325
Parkesburg,325
Denville,325
Neenah,324
St George,324
Mechanicville,324
New Hyde Park,324
Dobbs Ferry,324
Port Royal,324
Brookhaven,323
Valhalla,323
Heath Springs,322
La Crosse,322
Stony Creek,322
New Baltimore,321
Ronks,321
Willow Spring,321
Coral Springs,321
Sparta,321
Mary Esther,321
Yoncalla,321
Hopewell,320
Wellsboro,320
Saint Pauls,320
Elyria,320
Stevens,319
Comstock Park,319
Twain Harte,318
Texarkana,318
Belvidere,318
Lucerne,318
Crows Landing,318
Lawnside,316
Shaniko,316
Apache Junction,315
Belle Plaine,315
Jenner,315
Hutchins,315
Eyota,315
Tremonton,315
Ramona,315
Clarendon Hills,314
Wellesley Hills,314
Silverado,314
Blairstown,314
Quarryville,314
Strongsville,313
Foley,313
Burney,313
Noblesville,313
Bullhead City,313
Sellersburg,313
Kings Beach,312
Spring Mills,312
Kingsport,312
Birdsboro,311
Mantua,311
Clive,311
Woodinville,311
Surfside,311
Catawba,311
Paw Paw,311
Shelby,311
Montoursville,311
Milton Freewater,310
Lima,310
Redwood Valley,310
Destin,309
Scappoose,309
Cold Spring,309
Hellertown,309
Hilton,309
Port Orford,308
Tujunga,308
Galesburg,308
Kyburz,307
Wrightsville,307
Sebastian,307
Groton,306
Hayes,306
Fernandina Beach,306
Idaho Springs,306
Uncasville,306
Springville-Mapleton,306
Nicolaus,306
Cool,306
Gardiner,305
Hot Springs National Park,305
Walker,305
New Harmony,305
Oreland,305
Duanesburg,304
Haverford,304
Mahopac,304
Bellwood,304
Brownsville,304
Oakley,304
San Quentin,303
Allendale,303
Pittston,303
Red Wing,303
McKinleyville,303
Tuxedo Park,303
Radford,303
North Kingstown,302
Soddy Daisy,302
Cohoes,302
Stevinson,302
Zeeland,302
Mount Jackson,302
Sun City West,302
Lake Crystal,301
Boalsburg,301
De Pere,301
La Plata,301
Leominster,301
New Ulm,301
Willow Street,301
Bay Minette,300
Moss Beach,299
Hanna,299
Berwick,299
New Freedom,298
Clear Brook,298
Kelso,298
San Ardo,298
Chester Springs,298
Suisun City,298
Rice,298
Trappe,297
Charles City,297
Rocky Point,297
San Miguel,297
Eveleth,297
Ridgway,297
Parkersburg,297
Dickinson,296
Freehold,296
Chestertown,296
El Cerrito,296
Clinton Corners,296
Miami Shores,295
Glasgow,295
Clemson,295
Spencer,295
Wayland,295
North Liberty,294
Coronado,294
Yucaipa,294
Bonanza,294
Onamia,294
Mokena,294
Aliso Viejo,293
Owens Cross Roads,293
Creedmoor,293
Sidney,293
Whitesboro,293
Whippany,293
Green Lane,293
Buxton,292
Clear Spring,292
Basking Ridge,292
Grand Ridge,291
Central Islip,291
Big Lake,291
Cranbury,291
Bettendorf,291
Merion Station,291
Roseland,291
New Hudson,290
Mountain Home,290
Pickerington,290
Alberta,290
Portola Valley,290
Fairdale,290
Fair Lawn,290
Six Mile,290
Windom,290
Brookshire,289
Mt Baldy,289
Oconomowoc,289
Oak View,289
Colonia,289
Grinnell,288
Sandstone,288
Millington,288
Juntura,288
Waldport,288
Gerber,287
Bonita,287
Niceville,287
Crescent Valley,287
Columbia Falls,287
Preston,287
Dunnigan,286
High Springs,286
Hudsonville,286
Gardendale,286
New Hill,285
Matteson,285
Bland,285
Flowood,284
Winter Haven,284
Willow Creek,284
Drums,284
High Ridge,284
Tappahannock,284
York Haven,284
Rickreall,284
Myerstown,284
Dutch Flat,284
Center Valley,284
Excelsior,283
Goldsboro,283
Rush,283
Reynoldsville,283
De Soto,283
Beckley,283
Quartzsite,283
Valley Park,282
Hartselle,282
Lonoke,282
New Canaan,282
Granite Falls,281
East Rochester,281
Converse,281
Batesburg-Leesville,281
East Berlin,281
Terre Haute,280
Runnemede,280
Pembroke,280
Dallastown,280
Hamer,280
Desoto,280
Dewey,280
Moseley,279
Davidsonville,279
Hope Hull,279
Grand Haven,279
Tremont,279
Diamond Springs,279
Magnolia,278
Westchester,278
Saint Stephen,278
Clear Lake,278
Atkins,278
Delafield,278
Honeoye Falls,278
Atlantic City,278
Greeley,278
Mount Hood Parkdale,278
Stayton,277
Michigan City,277
Sherwood,277
Wauchula,277
La Honda,277
South Richmond Hill,276
Sparks Glencoe,276
Nehalem,276
Bethany,276
Oceano,276
Seligman,275
Glenmoore,275
Catlett,275
Cedar Hill,275
Port St Lucie,274
Swisher,274
Lansdowne,274
Covelo,274
Prescott Valley,274
Brook Park,274
Walsenburg,274
Van Buren,273
Harvey,273
Lockeford,273
Tuskegee,273
Signal Mountain,273
Absecon,273
Geneva,273
Green Cove Springs,273
New Columbia,273
Cassatt,273
Golden Valley,273
Hazel Green,273
Moab,273
Roslindale,273
Bentonville,272
Starke,272
Maple Heights,272
Hoopa,272
Saint Marys,272
Maumee,272
Accokeek,272
Kamas,272
Virginia,272
Winter Springs,271
Dumont,271
Hollidaysburg,271
Fellsmere,271
Leggett,271
Glenville,271
Levittown,270
Saraland,270
Plantation,270
Ely,270
Windham,270
Westfir,270
Beech Grove,269
Duchesne,268
Rex,268
Fernley,268
West Henrietta,268
Mill Creek,268
Park Ridge,267
Elkhart,267
Idanha,267
Auberry,267
Rochelle Park,267
East Stroudsburg,266
Girard,266
Gasquet,266
Hilton Head Island,266
Hutchinson,266
Coopersburg,266
Winnetka,266
Shrewsbury,266
Pacolet,266
Snoqualmie,265
Edgefield,265
Clarion,265
Monmouth,265
Deming,265
Warm Springs,265
Asheboro,265
Adairsville,265
Lakefield,264
Inyokern,264
Chicago Heights,264
Tolland,264
Vernalis,263
Anaconda,263
Woodlake,263
Pescadero,263
Hasbrouck Heights,263
Mercer,263
Coram,263
Lee Vining,263
Mohegan Lake,263
Orange Cove,263
Kimball,263
Evanston,262
Calimesa,262
Terrebonne,262
Four Oaks,261
Eutawville,261
Glade Spring,261
Sevier,261
Gates,261
Hawaiian Gardens,261
Whitestown,260
Saint Helena Island,260
Bremen,260
Spring City,260
New Milford,260
Long Creek,260
White Springs,260
Kings Mountain,259
Queen Anne,259
Amity,259
Marcy,259
New Stanton,259
Sulphur,259
Pataskala,259
The Villages,259
New Kensington,259
Duson,259
Floral Park,258
Glide,258
Bristow,258
Granville,258
Lehighton,258
Wood Dale,258
Barberton,257
Laton,257
La Salle,257
Keithville,256
Mt Laurel,256
Loleta,256
Moscow,256
Rifle,256
Vernonia,256
Perkiomenville,255
Hoschton,255
Cedar Valley,255
Millbury,255
Browns Valley,255
Biloxi,255
Tifton,255
Lincoln City,255
Willow Springs,254
Center Line,254
Bryant,254
Purdys,254
West Greenwich,254
Scott Depot,254
Dunsmuir,254
Hobart,254
Asbury,254
Lincolnton,254
Bethpage,253
Lagrange,253
Trussville,253
Eau Claire,253
Unknown,253
Lone Pine,253
Hicksville,253
Manchaca,253
Alberton,253
Milaca,252
Latonia,252
Neskowin,252
Big Timber,251
Brookline,251
Beloit,251
Mona,251
Motley,251
St. Petersburg,250
Wallowa,250
Paoli,250
Jeannette,250
Arkadelphia,250
Mc Cormick,250
Winston,250
Fort Montgomery,250
Old Saybrook,250
Incline Village,250
Gaines,249
Manahawkin,249
Elkview,249
Warfordsburg,249
Harvest,249
Lemon Grove,249
Fultonville,249
Ware Shoals,249
Brazil,249
Le Sueur,248
Biscoe,248
Centereach,247
Platte City,247
Mount Juliet,247
Raynham,247
Glendive,247
Los Molinos,247
Sicklerville,247
Malabar,247
Gypsum,246
June Lake,246
Pope Valley,246
Ponchatoula,246
Berthoud,246
West Branch,245
Glenbrook,245
Western Springs,245
Three Forks,244
Bound Brook,244
Channahon,244
Coulterville,244
Minnetonka,243
Orick,243
Silver Creek,243
Salt Point,243
Litchfield Park,243
East Earl,242
Panguitch,242
Emlenton,242
Sutter Creek,242
Lecanto,242
Gallatin Gateway,242
Lake Butler,242
Roanoke Rapids,242
Glen Mills,242
Thorntown,241
South Boston,241
Jerome,241
District 4 Kent Island,241
Oshkosh,241
Linwood,241
Deer Lodge,241
Cranberry Township,241
Overton,241
Haines,240
Von Ormy,240
Pine Island,240
French Gulch,240
Aledo,240
Pell City,240
Fort McDowell,240
Donegal,240
Mount Ephraim,240
Twin Peaks,240
Esko,240
Warfield,239
Cayce,239
Round Hill,239
Manakin Sabot,239
Depoe Bay,239
Ruffin,239
Pilot Rock,239
Morton Grove,239
Camas Valley,239
Troutman,239
Cottageville,239
Festus,238
Laguna Beach,238
Dunbar,237
Highland Mills,237
Cope,237
Parlier,237
Three Rivers,237
Prairieville,237
Bamberg,236
Spring Lake,236
Pewaukee,236
Harper,236
Squaw Valley,236
Lodge Grass,236
Rawlins,236
Riddle,236
Annapolis Junction,236
Ponce de Leon,235
Boones Mill,235
Passaic,235
Coyote,235
North Dinwiddie,235
Westmoreland,235
Shamokin Dam,235
East Windsor,235
Tannersville,235
West Roxbury,235
Esparto,234
Las Cruces,234
Lockbourne,234
Clarks Grove,234
Cana,234
Watkins,234
Thomson,233
Ashville,233
Englishtown,233
Shepherdsville,233
Grain Valley,233
Nice,233
Voorhees,233
Glenwood,232
Cloquet,232
De Beque,232
Edinburgh,232
Saint James,232
Saint Albans,232
Camp Pendleton Marine Corps Base,232
Flagler Beach,231
Carnesville,231
Dundas,231
Warminster,231
Uniontown,231
St Cloud,231
Allenwood,231
Crum Lynne,231
Willamina,231
North Myrtle Beach,231
Blackstone,231
East St Louis,230
Oak Hills,230
Pauline,230
Cabot,230
Big Sky,229
Champaign,229
Topeka,229
Newburg,229
Big Bear City,229
Cedar Knolls,228
Neeses,228
Euclid,228
Fox Lake,228
Manvel,228
Kearney,228
South Salem,227
Bailey,227
Coppell,227
Azalea,227
Dacula,227
Pine Bluff,227
Hope Mills,227
Clancy,227
Forest Hill,226
Bernville,226
Wagener,226
Rockaway,226
Forked River,226
Smartsville,226
Imperial,226
Lennon,226
Knights Landing,226
Lavonia,226
Westbrook,226
Universal City,225
Eagle Creek,225
Reinholds,225
Knightstown,225
Lynn,224
Apollo,224
Carthage,224
Timberville,224
Wallsburg,224
Fond du Lac,224
Chalfont,224
Needham Heights,224
Heathsville,224
Bassett,224
Polson,224
Round Lake Beach,223
Fosters,223
Manorville,223
Applegate,223
Littlestown,223
Park Rapids,223
Deforest,223
Dauphin,223
Biggs,223
West Islip,223
Mountain Top,223
Warner Robins,222
Fife,222
Wellborn,222
Lyndhurst,222
View Park,222
Rescue,222
Ross Valley,222
Brundidge,222
Farmville,221
Southlake,221
Bruceton Mills,220
Gallup,220
Prairie City,220
Advance,220
Monsey,220
Lake Wales,220
Ligonier,220
Elloree,220
Coralville,220
Bayport,219
Farmingville,219
St Matthews,219
Earth City,219
Moosic,219
Stoystown,218
East Islip,218
Le Grand,218
Coeur D Alene,218
Ellijay,218
Grant,218
Morro Bay,218
Old Town,218
Cambridge City,218
Harris,217
Vincentown,217
South Pittsburg,217
Sturbridge,216
Walterville,216
Rural Retreat,216
Maplesville,216
Newton Lower Falls,216
Laporte,216
Long Prairie,216
Argyle,216
Bunker Hill,216
Chadds Ford,216
Joplin,215
Fall River,215
Pottsville,215
Smithsburg,215
Wedgefield,214
Ledgewood,214
Wadena,214
Adams,214
Hillsdale,214
Coward,213
Henryville,213
Hollis,213
Somers Point,213
Nutley,212
Jones,212
Camp Verde,212
Kenly,212
Derry,212
Port Angeles,211
Knox,211
Boone,211
Price,211
Clemmons,211
Echo Lake,211
Fultondale,211
Semmes,211
Dickerson,211
Noti,210
Donalds,210
Falling Waters,210
South Windsor,210
Haines City,210
Okahumpka,209
Mc Kenney,209
Maxwell,209
South Fork,209
New York Mills,209
West Des Moines,209
Falkville,209
Naugatuck,209
Waukee,209
Atmore,209
Glenview,208
Harrisonville,208
Mt Airy,208
Mt Pleasant,208
Beverly Hills,208
Newalla,208
Snelling,208
Safety Harbor,208
Fort Monroe,208
Chatfield,207
Alturas,207
Victoria,207
Kinzers,207
Reedsville,207
Deatsville,207
Montevideo,207
Palo Cedro,206
Efland,206
Watchung,206
Divide,206
Boys Town,206
McCloud,205
White Haven,205
Canon City,205
Islip,204
Lake View,204
Ghent,204
Paeonian Springs,204
Anniston,204
Darby,204
Dubois,204
West Yellowstone,204
Denmark,204
Prather,204
Hines,203
Goldens Bridge,203
Sweetwater,203
Barnum,203
Reidsville,203
Brownton,203
Ocklawaha,203
Soperton,203
Rimrock,203
Huntington Woods,203
Widener,203
York Springs,202
Lake Helen,202
Canajoharie,202
Milroy,202
Deer River,202
Decherd,202
Foster,202
North Olmsted,202
Herald,201
North Ridgeville,201
Rockport,201
Meridianville,201
Hampshire,201
Southgate,201
Beaver Falls,201
Lovettsville,201
Julian,201
Walkersville,201
Upper Darby,200
Clewiston,200
Tuscumbia,200
Oak Grove,200
Stanley,200
Ellabell,200
Rockton,200
Valatie,200
Gibsonia,200
Fort Bridger,200
Snow Shoe,200
Roscoe,200
Baxter,199
Lolo,199
Carle Place,199
Horn Lake,199
Satsuma,199
Veneta,199
Purchase,199
Glenmont,199
Windsor Heights,198
East Greenbush,198
Finlayson,198
Emigrant Gap,198
Winterhaven,198
White House,198
Maple Valley,198
Moro,198
Nescopeck,198
Wilmer,198
South Bend,198
Grass Lake,197
Ennis,197
Mount Sidney,197
Solvang,197
Burgaw,197
Sayreville,197
Eutaw,197
Blairsville,197
Valley,197
Clairton,196
Sweet Home,196
Belfair,196
White Marsh,195
Mt Vernon,195
East Freedom,195
Selden,195
Manns Choice,195
Fallston,195
Redwood Falls,194
Yamhill,194
Lauderdale Lakes,194
Mequon,194
Cross Hill,194
St Charles,194
Zanesville,194
Ona,194
Middleboro,193
Ocean Springs,193
Gautier,193
Mosier,193
Roaring Spring,193
Dickson,192
Bartow,192
Willcox,192
Pinewood,192
Sun Prairie,192
Takoma Park,192
Old Station,191
Byram,191
Northumberland,191
Oakland Park,191
Heppner,191
Canterbury,191
Branchville,191
Davisburg,191
Heth,191
Jewett City,191
Wellsville,191
Alma,191
Gadsden,191
Dassel,191
Alden,190
Mc Coll,190
Chestnut Hill,190
Timber,190
Herriman,189
Dugway,189
Edmonds,189
Crescent Lake,189
Alton,189
Fort Ann,189
Laughlin,189
Moneta,189
Boydton,189
Green Pond,189
Smith River,189
Windsor Locks,189
Desert Hot Springs,189
Hoosick Falls,188
Becker,188
New Hampton,188
Harmony,188
Shedd,188
Centralia,188
Warner,188
Gunnison,188
Berkeley Heights,188
Tuolumne,188
West Jefferson,188
Willow River,187
South Elgin,187
Hallandale Beach,187
Sherburn,187
Stow,187
Peyton,187
Oronoco,187
Hawley,187
Cayucos,187
Keno,187
Staples,187
Kersey,187
Logan,187
Asbury Park,187
Averill Park,186
Eight Mile,186
Seneca Falls,186
Scio,186
Attleboro Falls,186
Martin,186
Forrest City,186
Rexford,186
Demotte,186
Osceola,186
Spanish Fort,186
Del Rey,186
Kerby,186
Medley,185
Shenandoah,185
Monetta,185
Northwood,185
Tilton,185
Cuyahoga Falls,185
Kellogg,185
Ferris,185
Douglas City,185
Gales Creek,185
Sunset,185
Philomath,184
Bangor,184
Stanwood,184
Molino,184
Conover,184
Islamorada,184
New Bedford,184
Blackville,184
Brownsboro,184
Country Club Hills,183
Kirkwood,183
Mount Sterling,183
Catheys Valley,183
Findlay,183
San Simon,183
Boxford,183
Paicines,183
Fort White,183
Gambrills,182
Lake Saint Louis,182
North Canton,182
Louisburg,182
Yachats,182
Dana Point,182
Chagrin Falls,181
Fairborn,181
Joseph,181
Black Mountain,181
Forest Ranch,181
Malta,181
Eagle Lake,181
East Palatka,180
Ajo,180
North Aurora,180
Christiana,180
Cape Charles,180
Eddyville,180
Newton Center,180
Bracey,180
Montvale,180
Green Sea,180
Mulberry,180
Chardon,180
Maidens,179
Elmore,179
Anacortes,179
Taunton,179
Naselle,179
Blackstock,179
Miramar,179
Hutto,179
Strafford,179
Rural Hall,179
Idaho Falls,179
McFarland,178
Cazadero,178
Clearwater Beach,178
New Boston,178
Social Circle,178
Willoughby,178
Pierson,178
Queen Creek,178
Society Hill,178
Wausau,178
Sugar Grove,177
Andrews Air Force Base,177
Buena Vista,177
Garfield,177
Bennett,177
Port Byron,177
Torrington,177
Estill,177
Maumelle,177
Moose Lake,177
Juliette,177
Fort Lawn,177
Rogersville,176
Mandeville,176
Quicksburg,176
East Greenville,176
Philo,176
Port Reading,176
Sheboygan,176
Mystic,176
Marne,176
Chisago City,176
Colchester,176
Middle River,176
Stafford Springs,176
Oak Harbor,176
Blairsden Graeagle,176
Osteen,175
West Lafayette,175
Landisville,175
Pendergrass,175
Babylon,175
Trafford,175
West Miami,175
Castella,175
Charleroi,175
Waldo,175
Varnville,175
Bloomfield Hills,175
Glenn,175
Clearlake,175
Buellton,175
Cedar Springs,175
Ellsworth,175
Burkeville,175
Sutter,175
Catawissa,174
Flowery Branch,174
Rushford,174
Aumsville,174
Stewartsville,174
Watsontown,174
Broad Run,174
Mandan,174
Grasonville,174
Olanta,173
Wellton,173
Shafer,173
Foristell,173
Fitchburg,173
Fort Bliss,173
Clementon,173
Chiefland,173
Santa Fe,173
East Lansing,173
South Haven,173
Breinigsville,173
Zimmerman,173
Gordonville,173
Falmouth,172
Penrose,172
Boswell,172
Islip Terrace,172
Gualala,172
Sleepy Eye,172
Meyersdale,172
Whitmire,172
Narvon,172
Nicholson,172
Brinkley,172
Harlem,172
Cibola,172
Lynden,171
Sylva,171
Swannanoa,171
Chase City,171
Pocatello,171
Carlotta,171
Bluemont,171
Casa Blanca,171
Floodwood,171
Seal Rock,170
Willington,170
Ballwin,170
Jamesburg,170
Monte Rio,170
Gold Canyon,170
White Hall,170
Fergus Falls,170
Xenia,170
Fleetwood,170
Oakbrook Terrace,170
Montverde,169
Thompsontown,169
Marrero,169
Blooming Prairie,169
Blaine,169
Backus,169
Mc Leansville,169
Honey Brook,169
Mohawk,169
Prince George,169
Sayville,169
Tomah,169
Canyonville,169
Riverbank,169
Yaphank,169
Eatonville,168
Springboro,168
Rayne,168
Oak Hill,168
Derby,167
Blair,167
North Fork,167
New Bern,167
Occidental,167
Howey in the Hills,167
Doylestown,167
Union Bridge,167
Bayville,167
Wampum,166
Brookpark,166
Wolcott,166
Streamwood,166
Rustburg,166
Tuckahoe,166
Stony Brook,166
Lady Lake,166
Beverly,166
Toluca Lake,166
Goldendale,166
Chilhowie,166
Murrysville,166
Streetsboro,166
Shoreline,166
Thomaston,166
Blodgett,166
Lewis Run,166
Grand Ledge,166
Mt Holly,165
Dolton,165
Curwensville,165
Mora,165
Hope,165
Hampton Bays,165
Port Jefferson Station,165
Mt Wilson,165
Senoia,164
Painesville,164
Egg Harbor City,164
Fort Deposit,164
Oro Grande,164
Atlantic,164
Kirkville,164
Milledgeville,164
Monteagle,164
Washougal,163
Collierville,163
Craryville,163
Havre De Grace,163
Big Pool,163
Morganville,163
Bellport,163
New Alexandria,163
Silver Point,163
Carmel-by-the-Sea,162
Gray,162
Chillicothe,162
Minooka,162
Federalsburg,162
Rockaway Beach,162
Hazleton,162
Yorkville,162
Greentown,161
Mableton,161
Norman,161
La Fayette,161
Dodge Center,161
Angola,161
Climax,161
Galveston,161
Lake Harmony,161
Heron Lake,161
Scarborough,161
Mc Bee,160
Moorestown,160
Port Jervis,160
West Decatur,160
Rochelle,160
Mc Connellsburg,160
Yerington,160
Rushmore,160
North Versailles,160
Kodak,160
Lawrence Twp,160
Akeley,160
Point Reyes Station,160
Kinston,160
Riley,160
Crewe,160
Dufur,160
Piru,160
Ravenna,159
Anita,159
Coopersville,159
Vestal,159
Elysburg,159
Salyer,159
Greeneville,159
Ruffs Dale,159
Havertown,159
Port Republic,159
West Contra Costa,159
Cantil,159
Coudersport,159
Gaylord,158
Waseca,158
Ada,158
Corsica,158
Baraboo,158
Prior Lake,158
Clifton Forge,158
McClellan,158
Lake Panasoffkee,158
Shippenville,158
Wilmette,158
Clifton Springs,158
Sanderson,158
Piercy,158
La Crescent,157
Baldwinsville,157
Sublimity,157
Smethport,157
Waretown,157
Wyckoff,157
Orangeville,157
Hinkley,157
Jacksonville Beach,157
Fort Edward,156
Highlands,156
Saint Helens,156
Herkimer,156
Rahway,156
Oilville,156
Globe,156
Jay,156
Indian Trail,156
Cross River,156
Fort Mc Coy,156
Arleta,155
Grimes,155
Sanborn,155
Connelly Springs,155
Mountain Rest,155
Rocky Gap,155
Miami Springs,155
Russellville,155
Mayesville,155
Red Oak,155
Sutherland,155
Hastings on Hudson,155
Caseyville,155
Macedonia,155
Trail,155
Delanson,155
Armona,154
Campbellton,154
Florida City,154
Skippers,154
Stonington,154
Bethune,154
Cuba,154
Barnegat,154
Perham,154
Pacific Palisades,154
Salley,154
Ridge Spring,153
Moore Haven,153
Canoga Park,153
Stanford,153
West Sand Lake,153
Whitakers,153
Montgomery Creek,153
Smoaks,153
Archer,153
Oak Forest,153
Freedom,153
Elkin,153
Bell,153
Key West,153
Muncie,152
Ronan,152
Lynbrook,152
Solon,152
Township of Washington,152
Loudon,152
Saltese,152
Chicago Ridge,152
Oaklyn,152
Dudley,152
Everson,152
Roxbury Crossing,152
Shepherd,152
Whitewater,151
Sharpsburg,151
Port Townsend,151
Gold Run,151
Kalama,151
Loretto,151
Condon,151
Edwardsville,151
Cedarpines Park,151
Seville,151
Winnemucca,151
Haddon Heights,150
Paynesville,150
Weymouth,150
Enumclaw,150
Georgiana,150
Newtown Square,150
Morrilton,150
Sherman,150
Fort Morgan,150
Amenia,149
Winthrop,149
Burr Ridge,149
Avoca,149
Porter,149
Oak Lawn,149
Century,149
Sparrows Point,149
Murphy,149
West Monroe,149
Spring Run,148
De Leon Springs,148
East Helena,148
Copiague,148
Heiskell,148
Ferron,148
Elverson,148
Fredonia,148
Claysville,148
McHenry,148
Plainwell,148
Westborough,147
Bainbridge,147
Macdoel,147
Stuarts Draft,147
West Grove,147
Church Hill,147
Peru,147
Royalton,147
Brookston,146
North Tonawanda,146
Weldon,146
Grafton,146
Palestine,146
Homer,146
Thousand Palms,146
Angier,146
Chino Valley,146
Niantic,146
Tyngsboro,146
Montpelier,146
Lake Hughes,146
Needham,146
Wickliffe,146
Paisley,146
Long Barn,146
Mullica Hill,146
Nesbit,145
Chisholm,145
Greenacres,145
Roll,145
West Mifflin,145
Coloma,145
Hazen,145
Hockessin,145
Maysville,145
Big Pine,145
Pedricktown,145
Tidewater,145
Oneida,145
Grenada,144
New Florence,144
Plains,144
Willow Beach,144
Menomonie,144
Croton on Hudson,144
Haw River,144
Underwood,144
Garden Valley,144
Winder,144
Liberty Lake,144
New Lebanon,143
Missouri Valley,143
South Plainfield,143
Lithia,143
Foothill Ranch,143
Monee,143
College Point,143
Hot Springs,143
Nicollet,143
Elma,142
Oakton,142
Dekalb,142
Greycliff,142
Blanding,142
Lillington,142
Ozone Park,142
Camptonville,142
Salters,142
La Marque,142
Blytheville,142
Frazee,142
Ivanhoe,141
Cross Plains,141
Fort George G Meade,141
Buckley,141
Drexel Hill,141
Hockley,141
Central City,141
Hartsdale,141
Neptune City,141
Crestwood,141
Owasso,141
Mahaffey,141
Kingston Springs,141
Boyds,140
Heber,140
Urbana,140
Weirsdale,140
Mentor,140
Wapakoneta,140
Tiffin,140
Jim Thorpe,140
Shrub Oak,140
Nokesville,140
Lake Park,140
Angleton,140
Scotia,140
Norlina,139
Jefferson City,139
Interlachen,139
Nesconset,139
Redcrest,139
East Boston,139
Lincolnwood,139
Mathews,139
Budd Lake,139
Edgemoor,139
Golconda,139
Breckenridge,139
Carr,139
Florham Park,139
Oswego,139
Fort Jones,138
Story City,138
Castle Hayne,138
Pevely,138
Sioux Falls,138
Northern Cambria,138
Moreland,138
Parlin,138
Cosby,138
Walcott,138
Volo,138
Medway,138
Allison Park,138
Dunlap,138
Lawrenceburg,138
Sudlersville,137
Douglassville,137
Bergen,137
Sturgeon Lake,137
Snow Hill,137
Carrolltown,137
Creve Coeur,137
Avenel,137
Snellville,137
Harrisville,137
New Cuyama,136
Palm Desert,136
Zamora,136
Fort Plain,136
Marlboro,136
Madelia,136
O Brien,136
North Smithfield,136
Raeford,136
Saint Clair,135
Mc Veytown,135
Emmitsburg,135
Mount Carmel,135
Sierraville,135
Fennville,135
Wisconsin Dells,135
New Paris,135
Kingsland,135
Wilton Manors,135
Peculiar,135
Middleton,134
Export,134
Moody,134
Canyon City,134
Nyssa,134
Portola,134
Tully,134
Etna,134
Rock River,134
Cardiff By The Sea,134
Hyannis,134
Boonton,134
Avondale Estates,134
Loxahatchee,134
Laplace,134
Boerne,134
St Pauls,134
Palmer,133
Los Olivos,133
Birch Run,133
Cabazon,133
Orient,133
Maxton,133
Anna,133
Meadow Vista,133
Woodcliff Lake,133
Eaton,133
Beech Creek,133
Plain City,133
West Springfield,133
Flintstone,133
Pompeys Pillar,133
West Middlesex,133
Toney,133
Bath,133
Reseda,133
Rutherfordton,133
Meadowview,132
Mattawan,132
Hickory Hills,132
Hebo,132
Circleville,132
Luverne,132
Dushore,132
Ahwahnee,132
Honeyville,132
Wiggins,132
Fowlerville,132
North San Juan,132
Portersville,131
Kentfield,131
Morris Plains,131
Gurdon,131
Crothersville,131
Alsea,131
Silverdale,131
Spiceland,131
Roberts,131
Limon,131
Douglas,131
Bay Saint Louis,131
Bunnell,131
Netcong,131
Sutton,131
Pine,131
Seward,130
Batesville,130
Englewood Cliffs,130
West Bridgewater,130
Charles Town,130
Scandia,130
Maurertown,130
Huson,130
Bedford Hills,130
Seguin,130
Dawsonville,130
Ellwood City,130
Klamath River,130
Valley City,130
Carbondale,130
Fort Littleton,130
Cave Creek,130
Wall Township,130
Helix,129
Rowland,129
Bladensburg,129
Triadelphia,129
Shamokin,129
Twin Bridges,129
Grand Junction,129
Oakwood,129
Palisade,129
Pleasant View,129
Pillager,129
Brooks,129
Eighty Four,129
Towanda,129
Bolinas,129
Saddle River,129
Galloway,128
Short Hills,128
Pleasant Prairie,128
Milltown,128
New Prague,128
Sedro Woolley,128
California Hot Springs,128
Stanardsville,128
Vancleave,128
Gum Spring,128
Satellite Beach,128
Coosawhatchie,128
Catoosa,128
Mt Crawford,127
Menomonee Falls,127
Pocomoke City,127
Scotrun,127
Port Deposit,127
Jenison,127
Egg Harbor Twp,127
Peotone,127
Vidal,127
Devon,127
Biglerville,127
Piqua,127
Worth,126
Beaver Springs,126
Slippery Rock,126
Merrill,126
Battle Ground,126
Tranquillity,126
East Petersburg,126
Remer,126
Hingham,126
Amesbury,126
Pittsboro,126
Wrentham,126
Sumpter,125
Bridal Veil,125
Poynette,125
Holden,125
Mendocino,125
Welch,125
Franklinville,125
Alvarado,125
Remlap,125
Cogan Station,125
Los Alamos,125
Weedville,125
Burtonsville,125
North Andover,125
Delmar,124
Deerwood,124
Kankakee,124
Midland City,124
Tipp City,124
Sevierville,124
Robbins,124
Haddonfield,124
Orting,124
Socorro,124
Lilburn,124
North Garden,123
Hollsopple,123
Rocky Ford,123
Dayville,123
Norwood Young America,123
Dry Branch,123
Kremmling,123
Hamptonville,123
Wittmann,123
Ogilvie,123
Dover Plains,123
Venus,123
Palisades Park,123
Millerton,123
Blountstown,123
Tuba City,123
Ponte Vedra Beach,123
Cass Lake,123
Sanbornton,123
Wheatley,123
Dobson,123
Turbeville,123
San Marino,123
Bismarck,123
Gallagher,122
Hickman,122
West Berlin,122
Adair,122
Hazelton,122
Mount Hamilton,122
Castalia,122
West Friendship,122
Houtzdale,122
Cherry Valley,122
North Stonington,122
Walkertown,122
Tulelake,122
Montesano,122
Imlay,122
Moorhead,122
Harvard,122
DeWitt,122
Planada,122
Fort Mohave,121
Coker,121
Riceboro,121
Buzzards Bay,121
Rocky River,121
Rosenberg,121
Ithaca,121
Lakewood Ranch,121
Boxborough,121
Willis,121
East Chatham,121
Leadville,121
Slayton,121
Newton Grove,121
Valdese,121
Pierz,120
Grampian,120
Lauderhill,120
Northampton,120
Brewton,120
Battle Mountain,120
Bridgman,120
Rutledge,120
Endicott,120
Chippewa Falls,120
Olive Branch,120
Lacey,120
Onalaska,120
Jamesville,120
Brockway,120
Ancram,120
Kenyon,119
Kaukauna,119
Buckhead,119
Chappells,119
Peachtree City,119
Sylvania,119
Pearblossom,119
Middle Island,119
Worden,119
Bapchule,119
Fort Belvoir,119
Beacon Falls,119
Lebanon Junction,118
Resaca,118
Swanton,118
Angwin,118
Fairhope,118
Warrington,118
Abbottstown,118
Bates City,118
Munds Park,118
Lenoir,118
Sullivan,118
Ravenswood,118
Pinehurst,118
Patrick,118
Marmora,118
Tavares,118
Laceys Spring,117
Nisswa,117
Pocahontas,117
Drewsey,117
Banning,117
Chicopee,117
Greeleyville,117
Finksburg,117
Floyd,117
Blenheim,117
Street,117
Natick,117
Spring Creek,117
Ocean View,117
Byers,117
Kenbridge,117
Wright City,117
Glen Head,117
Tarentum,117
Laguna,116
Oregon,116
Bronson,116
Cushing,116
Hardin,116
Shermans Dale,116
Ottawa,116
Thorofare,116
Burnt Ranch,116
Belle,116
Rocheport,116
Bastian,116
Berry Creek,116
Garysburg,116
Bluefield,116
Earp,115
Waynesburg,115
Peach Bottom,115
Mc Kees Rocks,115
Rogue River,115
Charlton,115
Ottumwa,115
Landenberg,115
Millerstown,115
Safford,115
Tupman,115
Custer,115
Tobyhanna,115
Franklin Lakes,115
Sycamore,114
Attalla,114
Kasson,114
Mulino,114
Middlesex,114
Leonardtown,114
Pawling,114
Sequim,114
St Joseph,114
Camas,114
Texas City,114
Kenwood,114
South Beach,114
La Habra,114
Melbourne Beach,114
Port Ludlow,114
Fossil,114
Fairview Heights,114
Moriarty,114
Fort Lupton,113
Stewartstown,113
Lambsburg,113
Sweet Springs,113
Carleton,113
Bodfish,113
Stevens Point,113
Mineola,113
Dix Hills,113
Mount Union,113
Flemington,113
Racine,112
Colorado City,112
Schaghticoke,112
Blountville,112
North Chili,112
Morriston,112
Emmaus,112
Empire,112
El Nido,112
Barnhart,112
Elkmont,112
Hershey,112
Soulsbyville,112
Charlotte Hall,112
Middlefield,112
Rising Sun,112
Ramsey,112
New Buffalo,112
Jetersville,112
Vauxhall,112
Pilot Hill,112
Carroll,111
Bennington,111
Brinnon,111
Warners,111
Mitchellville,111
Hamlin,111
Cresson,111
Boyce,111
Iowa,111
Kanosh,111
Arrington,111
Thornville,111
Belvedere Tiburon,111
Yountville,111
Pinson,110
Eskdale,110
Holyoke,110
Dillwyn,110
Stahlstown,110
Eagle Rock,110
Seagoville,110
Atherton,110
Mather,110
Whiteland,110
Kathleen,110
Brecksville,110
Slinger,110
New Carlisle,110
Ballico,109
Capay,109
Casco,109
Le Claire,109
Lexington Park,109
Maineville,109
Onyx,109
Appomattox,109
Homewood,109
Cologne,109
Ravenel,109
Cochranville,109
Mead,109
Bonner,109
Rosharon,109
Newton Highlands,109
Creston,109
Mc David,109
Saint Ann,109
Boyertown,109
Friendsville,109
Parowan,109
Olivia,109
Island Lake,108
Castleton On Hudson,108
Astor,108
Silverstreet,108
Mastic,108
Lothian,108
Fortson,108
Coal Township,108
Gibbstown,108
San Simeon,108
Forest City,108
Palermo,108
Coupland,107
Cades,107
Butner,107
Hazlehurst,107
Clendenin,107
Blackfoot,107
Reevesville,107
Pearl River,107
Glenolden,107
Alford,107
Calverton,107
Mountain Lake,107
St. Louis,107
New Zion,107
Laurel Hill,107
Smithton,107
Wilcox,107
Canyon,107
Leona Valley,107
The Colony,107
Saco,107
Lincroft,107
Union Grove,106
Pomfret Center,106
Elmont,106
Howe,106
Colonial Beach,106
Wanamingo,106
Gold Creek,106
Terry,106
Clements,106
Keysville,106
Mount Angel,105
Sultan,105
Mount Wolf,105
Hamilton City,105
Havre,105
Contoocook,105
Clara City,105
Casey,105
Odenton,105
New Providence,105
Rosendale,105
Montross,105
Fort Myer,105
Maynard,105
Homer Glen,105
Frenchtown,105
Crab Orchard,105
Port Allegany,105
Mc Kittrick,105
Cedartown,105
Blue Island,105
Franksville,105
Bovey,105
Mc Clure,104
Blairs,104
Warr Acres,104
Cooksville,104
St Johns,104
Bentleyville,104
Remsen,104
Libby,104
Dale,104
Faison,104
East Hampton,104
Mt Shasta,104
Mullan,104
Galway,104
Dawson,104
Gold Bar,104
Stevenson,104
Flanders,103
Alto,103
Adamstown,103
Otter Rock,103
Higganum,103
Glassboro,103
Bonaire,103
Marshfield,103
Confluence,103
Concordia,103
Carnelian Bay,103
Marbury,103
Rio Oso,103
MI Wuk Village,103
Cotton,103
Orland Park,103
Pride,103
Monkton,103
Frostburg,103
Hector,103
Vanceboro,103
Lockhart,103
Macomb,102
Tavernier,102
Miles City,102
Lenox,102
Spray,102
Jarrettsville,102
East Tehama,102
South Glastonbury,102
Greenbrier,102
Rolla,102
Acme,102
Sugarloaf,102
Straughn,102
Vaughn,102
Valparaiso,102
Welcome,102
Cedar Grove,102
Quilcene,102
Stilwell,102
Laurinburg,102
Disputanta,102
Herculaneum,102
Tioga,102
Butterfield,102
Leechburg,102
Feasterville-Trevose,101
Manhattan Beach,101
Seekonk,101
Old Greenwich,101
Tollhouse,101
Deeth,101
Arlee,101
Reed Point,101
Granby,101
Siletz,101
Hereford,101
Byhalia,101
Roxboro,101
McCalla,101
Crystal Spring,101
Riceville,101
Siler City,101
Redway,101
Blue Ridge,101
Altamont,101
Paulsboro,101
Weeki Wachee,101
Stinson Beach,101
Winlock,100
Crosby,100
San Gregorio,100
Alviso,100
Elberton,100
Plumerville,100
Zephyr Cove,100
Norway,100
Calhan,100
Mayflower,100
Cheney,100
Sandusky,100
Calhoun Falls,100
Limestone,100
Dania Beach,100
Keyport,100
Pine Mountain,100
Kittanning,100
North Attleboro,99
Montville,99
Unadilla,99
Sawyer,99
University Park,99
Mountain Ranch,99
Keyes,99
Pine Brook,99
Clay,99
Cortez,99
Deer Creek,99
Gold River,99
Pennington,99
Massapequa Park,99
Bessemer City,99
Post Falls,99
Stateline,99
Calpine,99
West Warwick,99
Mars Hill,99
Paulden,99
Indialantic,99
Orr,99
Villa Ridge,99
Cedarville,99
St Pete Beach,98
Elmer,98
Kila,98
Crestview Hills,98
Shawsville,98
Hoquiam,98
Bingham Lake,98
Turrell,98
St Rose,98
Olar,98
Death Valley,98
Mount Olive,98
Corydon,98
Hewitt,98
Amarillo,98
Zellwood,98
Jackson Heights,98
Spicer,98
Ward,98
King William,98
Pineland,98
Hayesville,98
Wind Gap,97
Delmont,97
Cardiff by the Sea,97
Ravena,97
Tallapoosa,97
Bagley,97
Osage,97
Fort Thomas,97
Cortland,97
Rowesville,97
Tarboro,97
Mt Dora,97
Saint Ignatius,97
Clarks Summit,97
Millsboro,97
Coldwater,97
Granger,97
Manlius,97
Malcom,97
Black River Falls,97
South Salt Lake,97
Ottawa Lake,97
Colts Neck,97
Mills River,97
Blossvale,97
Ansonia,96
Laredo,96
Smiths Creek,96
Sedalia,96
Osceola Mills,96
Sale Creek,96
Countryside,96
Ellington,96
Hill City,96
Fogelsville,96
East Setauket,96
Schuylerville,96
Rio Grande,96
Madisonville,96
Allenton,96
Whitman,96
Fayette,96
North Wilkesboro,96
Lynd,96
Fort Defiance,95
Creede,95
Wyola,95
Franktown,95
Mc Alisterville,95
Waxhaw,95
Sellersville,95
Jamul,95
Aliquippa,95
Lovingston,95
Fall River Mills,95
Dewitt,95
Bonney Lake,95
Fall Branch,95
Cedar Creek,95
Kit Carson,95
Hardy,94
New Church,94
Turbotville,94
New Salem,94
Fort Mitchell,94
Harwood,94
Cherokee,94
Floral City,94
Brush,94
Unity,94
Durand,94
Webberville,94
Camby,94
Waconia,94
Sumterville,94
South Glens Falls,94
Huffman,94
Firth,94
Altavista,94
Coalport,94
Summerland Key,94
Tupelo,94
Harpers Ferry,94
North Jackson,94
East Northport,94
Merrimac,94
Holladay,93
Ludlow,93
Kernville,93
Kildeer,93
West Terre Haute,93
International Falls,93
Mount Hope,93
Dorris,93
Mars,93
Blacklick,93
Duquesne,93
Shalimar,93
Menahga,93
Abilene,93
Steamboat Springs,93
Woodhaven,93
East Taunton,93
Newtonville,93
Grand Forks,93
Inglis,93
Haskell,93
Tenmile,93
Tunnel Hill,92
Avila Beach,92
Pilot Mountain,92
Marble Falls,92
Assonet,92
Westwego,92
Cohasset,92
Malden,92
Eldred,92
White,92
Peridot,92
Hoover,92
Ridge,92
Inlet Beach,92
Farmersville,92
Hidden Valley Lake,92
Waddell,92
Early Branch,92
Indian Rocks Beach,92
Coleman,92
Delavan,92
Gardners,92
Summit Argo,92
Big Pine Key,92
Maiden,92
Lindstrom,92
Goode,92
Patton,92
Paynes Creek,92
Granada,92
Sterrett,92
Sneads,91
Lake Katrine,91
Elmendorf,91
Grassflat,91
Bulls Gap,91
Friedens,91
Whitney Point,91
Amboy,91
Crowley,91
Montevallo,91
Pattersonville,91
Saltsburg,91
East New Market,91
White Pine,91
Reelsville,91
Wilkes-Barre,91
Ellensburg,91
Alum Bank,91
Glen Carbon,91
Parksley,91
Grottoes,91
Nunica,91
Graysville,91
Nazareth,90
Fort Garland,90
North Franklin,90
Newfield,90
St Helena,90
Corpus Christi,90
Rimforest,90
Metter,90
Flat Top,90
Mc Connells,90
James Creek,90
Paxinos,90
Termo,90
North Lima,90
Mickleton,90
Shady Cove,90
Casmalia,90
Deer Island,90
Wellesley,90
Neola,90
Mount Gilead,90
Adelphi,90
Elm City,89
Hummelstown,89
Severna Park,89
Northborough,89
Battle Lake,89
Storrs Mansfield,89
Oracle,89
Prewitt,89
Mill City,89
Mchenry,89
Point Arena,89
Conifer,89
South Rockwood,89
Creola,89
Happy Camp,89
Fruitland Park,89
Coconut Creek,89
Pacheco,89
Saint Francis,89
Lorida,89
Sheffield,89
Lake Village,89
Nanty Glo,88
Panorama City,88
Henning,88
Hurlock,88
Saint Martinville,88
Sunrise,88
Normal,88
Penn Laird,88
Teterboro,88
Renovo,88
Pontiac,88
Washington Boro,88
Bird In Hand,88
Carver,88
Toquerville,88
Audubon,87
Gilberts,87
Wareham,87
Crystal Lake,87
Lacombe,87
Midpines,87
Earlham,87
Pine River,87
Pecos,87
Mascoutah,87
Slatington,87
Temple City,87
Boligee,87
Clint,87
Santa Rosa Valley,87
Fairland,87
Taylors Falls,87
Tryon,86
Genesee,86
Jal,86
Terra Ceia,86
Newton Falls,86
Teec Nos Pos,86
Epping,86
Luther,86
Register,86
Seeley Lake,86
Malden Bridge,86
Champions Gate,86
Bondurant,86
Wabasha,86
Toccoa,86
Edon,86
New Galilee,86
Norton,86
Gore,86
Lotus,85
Niota,85
Potter Valley,85
Graceville,85
Joanna,85
Comptche,85
Skyforest,85
McAdoo,85
Eastaboga,85
Mount Pleasant Mills,85
Ostrander,85
Bokeelia,85
Unionville,85
Lowndesboro,85
Tobaccoville,85
Searcy,85
Bourbonnais,85
Waldwick,85
Maryville,85
Moundville,85
Lemon Cove,85
Roseau,85
White Sulphur Springs,85
Statesboro,84
Cedar Glen,84
Fort Ripley,84
Callao,84
Pikeville,84
West Wendover,84
Wyandanch,84
Plaistow,84
North Hampton,84
East Walpole,84
Mapleton Depot,84
Platina,84
Concho,84
Elk Mound,84
Olyphant,84
Bates,84
Silt,84
Whitehouse Station,84
Cordele,84
Norris,84
Dennison,84
Claysburg,84
Sidman,84
Melvindale,84
Waldron,84
Waycross,83
Plover,83
Long Pond,83
Pinnacle,83
Picacho,83
Tillson,83
Johnsonburg,83
Bloomingburg,83
Northridge,83
West Fargo,83
McKeesport,83
Newmanstown,83
Coupeville,83
Johns Island,83
Eatonton,83
O'Fallon,83
Wingdale,83
Stilesville,83
Rose Hill,83
Harwinton,82
Steele,82
West Alexander,82
Diberville,82
Gladys,82
Lovelock,82
Randleman,82
La Junta,82
Riverwoods,82
West Park,82
Winkelman,82
Lookout,82
Taberg,82
Belle Glade,82
Three Springs,82
Spring Hope,82
Hunker,82
Gallitzin,82
Scarbro,82
Hiram,82
Leslie,82
Apison,82
Delran,82
Harrington,82
Bolivar,82
Thompsons Station,82
New Hope,82
Hudson Falls,82
Falls Creek,82
Mountainside,82
Austerlitz,82
Mt Kisco,81
Fuquay-Varina,81
Pass Christian,81
Lakemoor,81
McDonald,81
Lodge,81
Camillus,81
East Palo Alto,81
Lordsburg,81
Beatty,81
Garnett,81
Leicester,81
Aspen,81
Cobb,81
Pacific Junction,81
Mountain Iron,81
Pepperell,81
Wewahitchka,81
Mckeesport,81
Bouse,81
Hannacroix,81
Waubun,81
Natrona Heights,81
Tillman,81
Isanti,80
Callaway,80
El Portal,80
Dripping Springs,80
Dutton,80
Putnam,80
Rehoboth Beach,80
Cinnaminson,80
Continental Divide,80
Forks,80
Fort Stockton,80
Emporium,80
Locust Fork,80
Plattsburgh,80
Rhoadesville,80
Pine Plains,80
Eufaula,80
Upper Merion,80
Bass Lake,80
Altha,80
Goochland,80
Clarks Hill,80
Lake Ariel,80
Danielson,80
Eads,80
Dingmans Ferry,80
West Creek,80
Wirtz,80
Hanson,79
Saxton,79
Ball Ground,79
Lufkin,79
Kayenta,79
Oriskany,79
Gate City,79
Donaldson,79
Carbon Hill,79
Maringouin,79
South Portland,79
Moncure,79
Browning,79
Newfoundland,79
Cusseta,79
Dolan Springs,79
Nebo,79
Kasota,79
Northeast Dallas,79
Millstone Township,79
Scipio,78
Smiths Station,78
Ponce De Leon,78
Eglin Air Force Base,78
Twain,78
Great River,78
Raritan,78
Rockmart,78
Silverthorne,78
Washington Township,78
Champlain,78
Smithville,78
Peachtree Corners,78
Warroad,78
Alcoa,78
Paragould,78
Westcliffe,78
Bloomsbury,78
Glennville,78
Oakville,78
Olympic Valley,78
Sapulpa,78
Nedrow,78
Oak Ridge,78
Hadley,77
Battleboro,77
Scotch Plains,77
De Witt,77
Jellico,77
Tucumcari,77
Lonsdale,77
Garryowen,77
Liberty Hill,77
Whiteville,77
Olivet,77
Summerhill,77
Okemos,77
Volcano,77
Mt Jackson,77
Hayfield,77
Culloden,77
Thorndale,77
Trona,77
South Yarmouth,77
Redfield,77
Manchester Township,77
Russell,77
Zelienople,76
Blomkest,76
Alexander,76
Candor,76
Ivor,76
Henefer,76
Hanksville,76
Mohnton,76
Lake Hopatcong,76
Talmage,76
Fiddletown,76
Floyds Knobs,76
Percival,76
Center Point,76
Cabin Creek,76
Castleberry,76
Walden,76
Vinemont,76
Kings Park,76
Dos Rios,76
Cotopaxi,76
Wyalusing,76
Fieldale,76
West Olive,76
Elk,76
Carlin,75
Miller Place,75
Lilly,75
Woodville,75
Notasulga,75
Menlo,75
Croton On Hudson,75
San Joaquin,75
New Bethlehem,75
Brookwood,75
Knapp,75
Corinth,75
Palos Verdes Peninsula,75
Lester Prairie,75
Stokesdale,75
Westover,75
Burgettstown,75
Cisco,75
Seven Valleys,75
Elba,75
Erwin,75
Yadkinville,75
Gallatin,75
Diamond Point,75
Skykomish,75
White Oak,75
Durhamville,75
Nelson,75
Bryson City,75
Orchard Park,75
Kanarraville,75
Bal Harbour,75
Plympton,74
Zumbro Falls,74
Slingerlands,74
Osterburg,74
Franklinton,74
Cantua Creek,74
Ruby,74
Mexico,74
Beavertown,74
Lynn Haven,74
Fallentimber,74
Unityville,74
Springerville,74
Queens,74
Lewes,74
Sinclair,74
Cheswick,74
El Reno,74
White Post,74
California,74
Connellsville,74
Garvin,74
Sigurd,74
Hanahan,74
Ehrhardt,74
Peoa,74
Greenfield Center,74
Franklin Square,74
Jonesburg,74
Jacobson,74
Lapeer,73
Guadalupe,73
Kittery,73
Scottsboro,73
North Dartmouth,73
Parachute,73
White Stone,73
Collingswood,73
Hoodsport,73
Pawcatuck,73
North Bellmore,73
Malad City,73
Verndale,73
Aspers,73
Escalante,73
Roundup,73
Rimersburg,73
San Jacinto,73
Cook,73
Port Washington,73
Minnesota City,73
Ashley,73
Walnut Ridge,73
Faber,73
Hainesville,73
Mexican Hat,73
Claremore,73
Hinton,73
Shasta Lake,73
Cubero,73
Wood Ridge,73
Turner,73
Langlois,73
Sunman,72
Dunnsville,72
Topping,72
Whitethorn,72
Red Lodge,72
Proviso,72
Westhampton Beach,72
Casper,72
Sprakers,72
Pisgah Forest,72
Dairy,72
Hydesville,72
Stephentown,72
Aylett,72
Williamson,72
Pegram,72
Argusville,72
Mountain Brk,72
East Falmouth,72
Rincon,72
Holtwood,72
Tahoe Vista,72
Youngtown,72
Grantham,72
Elmo,72
North Las Vegas,72
District 5,72
Cordesville,72
Airville,72
Andersonville,72
Trinity Center,72
Oregonia,72
Fellows,71
Rio Dell,71
Blossburg,71
Belcamp,71
Manson,71
West Frankfort,71
Evans,71
Walnut Cove,71
New Ellenton,71
Five Points,71
Gurley,71
Muncy Valley,71
Port Murray,71
Gramercy,71
Quitman,71
Dateland,71
Brookland,71
Wills Point,71
Lawtey,71
Ebro,71
Fraziers Bottom,71
Barhamsville,71
Clarkesville,71
Powder Springs,71
O Neals,71
Union Pier,71
Kanab,71
Hurley,71
Rocky Top,71
Upper Chichester,70
Stormville,70
Oregon House,70
Cocoa Beach,70
Heath,70
Dysart,70
Schellsburg,70
Indio,70
Elizabeth City,70
Linville,70
Virginia Gardens,70
Blackwater,70
Lisbon,70
Chilcoot,70
Hurricane Mills,70
Cross Junction,70
Miramonte,70
Kenneth City,70
Laconia,70
Imbler,70
Mc Ewen,70
Walnut Bottom,70
Indiana,70
Far Rockaway,70
Tiller,70
Winnebago,70
Biddeford,70
Frederica,70
River Edge,70
Great Lakes,70
Buffalo Junction,70
Ahoskie,70
Ephraim,69
Rhododendron,69
Mount Sinai,69
Crofton,69
Bancroft,69
Broadview Heights,69
The Sea Ranch,69
Menasha,69
Cornersville,69
Cairo,69
North Baltimore,69
Hinesville,69
Meadville,69
Rough And Ready,69
Saint Clairsville,69
Metropolis,69
Perdido,69
Hartland,69
Princess Anne,69
Destrehan,69
Atco,69
Willingboro,68
Pocono Summit,68
Anthony,68
Dwight,68
Lake Mills,68
St Stephen,68
Haslet,68
Geneseo,68
Maple Park,68
Mount Croghan,68
West Yarmouth,68
Old Mill Creek,68
Beckwourth,68
Joseph City,68
Wilsons,68
Big Bar,68
Davidsville,68
Brunson,68
East Sandwich,68
Scottdale,68
Rosebud,68
Bethel Island,68
Welsh,68
Swoope,68
Hahira,68
New Virginia,68
Zuni,68
Muir Beach,68
Roggen,68
Twin Falls,68
Browns Summit,68
Lunenburg,68
Frackville,68
Yarmouth,68
Belt,67
West Salem,67
Crystal Springs,67
Winthrop Harbor,67
Orleans,67
Kingsley,67
Fort Payne,67
Canyon Creek,67
King Hill,67
Alpha,67
Cove,67
Matamoras,67
Haubstadt,67
Thurman,67
West Hollywood,67
Moline,67
Luling,67
Attica,67
Glen St Mary,67
Guthrie,67
Youngwood,67
Mount Prospect,67
Rebersburg,66
Sewaren,66
Centennial,66
Fruitland,66
Coxsackie,66
Ashford,66
Munster,66
Holland Patent,66
East Nassau,66
Accomac,66
Nevis,66
Dunellen,66
Middlebury Center,66
Ramseur,66
Shady Spring,66
North Chelmsford,66
Pittsville,66
Marshalltown,66
Pine Valley,66
Grants,66
Valley Grove,66
Mosinee,66
Croton-on-Hudson,66
Hartsel,66
Orderville,66
Carnation,66
Thaxton,66
Gouldsboro,66
Genoa,66
Duffield,66
Standish,66
Parkers Prairie,66
Campo,66
Volborg,66
Paris,66
Conrad,66
Mc Kenzie,66
Hamlet,66
Ashaway,66
Glenhaven,66
Sealy,65
Botkins,65
Page,65
Eaton Rapids,65
Steinhatchee,65
United States Air Force Academy,65
Fish Camp,65
Berrien Springs,65
Columbia City,65
Saugatuck,65
Nauvoo,65
Greenlawn,65
Taylor Mill,65
Sanibel,65
New Caney,65
Yarnell,65
Church Road,65
Chesterland,65
Dobbins,65
Axton,65
English,65
Guntersville,65
Luthersburg,65
McKenney,65
North Providence,65
Stanfordville,65
Capron,65
Cedar Bluff,65
Evington,65
Ewing,65
Pomona Park,65
Mason City,65
Strattanville,65
Gibsland,64
Dansville,64
Exmore,64
Wright,64
Upper Macungie,64
Ash Grove,64
Proctor,64
Athena,64
Bryan,64
Landing,64
Harwich,64
Elwood,64
Rossville,64
Glens Falls,64
Farragut,64
Lame Deer,64
Cos Cob,64
Big Spring,64
Nunnelly,64
Maple Lake,64
Kaibeto,64
Cool Ridge,64
Surry,64
Montara,64
Kimberly,64
Crittenden,64
Grady,64
Bucyrus,64
Finleyville,64
Braham,64
Manti,64
Oro Valley,64
Aguanga,64
Woodland Park,64
Hixton,64
Atglen,64
Gloucester Point,63
Dimondale,63
Frostproof,63
Newington,63
Prince Frederick,63
Poway,63
Poughquag,63
Only,63
Declo,63
Stoneville,63
Alamosa,63
Lytle Creek,63
Lawton,63
North Mankato,63
New Bloomfield,63
Randallstown,63
Westley,63
Brevard,63
Sloan,63
Glenns Ferry,63
Oakman,63
East Granby,63
Yakima,63
Plum Branch,63
Ritzville,63
Elmira,63
Agate,63
Evergreen Park,63
New Tripoli,63
Dubuque,63
Swainsboro,63
Richlands,63
Brimfield,63
Grand Meadow,63
Bear Mountain,63
Candia,63
Port Trevorton,63
Durango,63
Schoolcraft,63
Eastport,63
Strawberry Plains,63
Green Isle,63
Mont Clare,62
Hartman,62
Manila,62
Pauma Valley,62
St Marys,62
Sopchoppy,62
Eastlake,62
Lincoln University,62
Mukilteo,62
Hunt Valley,62
Elkwood,62
Coeburn,62
Harlan,62
Barneveld,62
Hayneville,62
Malone,62
Feura Bush,62
Dragoon,62
Pinconning,62
Clarklake,62
Big Bend,62
Cape Canaveral,62
Leavenworth,62
Lyle,62
San Anselmo,62
Mashpee,62
Truman,62
Evansdale,62
Westerly,62
Glen Oaks,62
Ballantine,62
Butte Falls,62
Center City,61
Petal,61
Indian Head,61
Van Dyne,61
Barksdale AFB,61
Beebe,61
Versailles,61
Meredith,61
Point of Rocks,61
Highspire,61
Treasure Island,61
Madisonburg,61
South Hackensack,61
Ulysses,61
Oak Run,61
Malaga,61
Tappan,61
Sand Springs,61
Fairmount City,61
Braidwood,61
Coventry,61
Bellemont,61
Mcclellan,61
Mad River,61
Manzanola,61
Roebling,61
Byfield,61
Rindge,61
Eclectic,61
Pound Ridge,60
Pennington Gap,60
Hiko,60
Summer Lake,60
Iron Station,60
Granite Canon,60
Wildersville,60
Meeker,60
Tinton Falls,60
Jermyn,60
Igo,60
Clarkfield,60
Chualar,60
Twinsburg,60
Prospect Park,60
Waupaca,60
Avalon-Mulat,60
Elizaville,60
Center Moriches,60
Newburyport,60
Lubbock,60
South Weymouth,60
Mt Joy,60
Lula,60
Siloam Springs,60
Marshville,60
Hoffman,60
Pottersville,60
Johannesburg,60
Craig,60
Pengilly,60
Alameda,59
Monongahela,59
Glyndon,59
Alvin,59
Mendon,59
Brogue,59
Andalusia,59
Ringoes,59
Vallecito,59
Southeast Marin,59
Radnor,59
Staatsburg,59
Tomales,59
Tallulah,59
Manteno,59
Spencerville,59
Pharr,59
Vernon Center,59
Cross City,59
Freeman,59
Wooster,59
Watkinsville,59
Marseilles,59
Elburn,59
California City,59
Woodacre,59
Melissa,59
Jesup,59
Woodlawn,59
Rathdrum,59
House Springs,59
Kennedale,59
Montello,59
Millersburg,59
Durant,59
Middle Village,59
Accident,59
Hooversville,59
Millmont,59
Chunchula,59
Schurz,59
Kingdom City,59
Medical Lake,59
Madison Lake,58
Crescent Springs,58
Trumann,58
South Houston,58
Tukwila,58
Columbiana,58
Waterfall,58
Shoreham,58
Askov,58
Ault,58
Keymar,58
Justin,58
Sanders,58
Glade Hill,58
Rison,58
Jenkinsville,58
High Hill,58
Wauseon,58
Forest Lakes,58
Ironton,58
Lake Lillian,58
Northome,58
Dolphin,58
Freeland,58
Tijeras,58
Fairmount,58
Mansfield Center,58
Alexander City,58
Ramer,58
Pamplin,58
Prole,58
Albemarle,58
Welches,58
Topaz,58
Bixby,58
Winsted,57
North Grosvenordale,57
Oil City,57
Barto,57
Glenshaw,57
West Liberty,57
Karthaus,57
Ferrum,57
Nesmith,57
Napoleon,57
Shinglehouse,57
Crimora,57
Roaring Branch,57
Hyndman,57
Wetmore,57
Lake Barrington,57
Hamel,57
Jarrell,57
Rough and Ready,57
Surfside Beach,57
Lago Vista,57
Seven Springs,57
Las Animas,57
Picayune,57
Kilmarnock,57
Pennsville,57
Melfa,56
Manasquan,56
Madeira Beach,56
Green Brook,56
Tahoma,56
Far Hills,56
Wynantskill,56
Lilliwaup,56
Grayson,56
Pittsfield,56
Park Valley,56
Galeton,56
Bono,56
McLeansville,56
Archbold,56
Onarga,56
Garrett,56
Canfield,56
Rossford,56
Tonto Basin,56
Tivoli,56
Lomira,56
Upperco,56
Covert,56
Brownstown,56
Hague,56
Wurtsboro,56
Rileyville,56
Cuervo,56
Greens Fork,56
Goldfield,56
Cotulla,56
Hannibal,56
Mount Jewett,56
Owego,56
Lanett,56
Citrus Springs,56
Sylvester,56
Celina,55
Eastman,55
Grimesland,55
Mattoon,55
Milner,55
Lostine,55
Sellers,55
Swarthmore,55
West Wareham,55
East Quogue,55
Woodstown,55
Red Hill,55
Sabillasville,55
McCleary,55
Veradale,55
Davis Creek,55
Kawkawlin,55
Saylorsburg,55
Manalapan,55
Mauston,55
Albertson,55
Eldridge,55
Highland Home,55
Sabina,55
Hawick,55
Mound House,55
Tappen,55
Hensley,55
Rockwell,55
Arab,55
Blackduck,55
Happy Jack,55
Eureka Springs,55
Charlo,54
Brooklet,54
Saegertown,54
New Brighton,54
Voorheesville,54
Mt Juliet,54
Selbyville,54
Mcdonough,54
Dove Creek,54
Point Mugu Nawc,54
Sigel,54
Jensen,54
Minneola,54
New Gloucester,54
Sixes,54
Arch Cape,54
Hammett,54
Onley,54
Kinderhook,54
Black Hawk,54
Montezuma,54
Altura,54
Somerdale,54
Minot,54
Hallstead,54
Bolivia,54
Depew,54
Boaz,54
Fork,54
Saint James City,54
White Pigeon,54
Currie,54
Brewerton,54
Colona,54
Eudora,54
Lucerne Valley,54
Kulpsville,53
Chinook,53
Veedersburg,53
Kenna,53
Dutch John,53
Kennewick,53
Tenino,53
Elberta,53
Dix,53
Kermit,53
Nathalie,53
Dravosburg,53
Neelyton,53
Middle Grove,53
Pagosa Springs,53
Tar Heel,53
Chinle,53
Hainesport,53
Iron,53
Brian Head,53
Ashtabula,53
Spanishburg,53
Bryn Athyn,53
Loma,53
Fort Duchesne,53
Cosmos,53
Yacolt,53
Hustontown,53
Butte City,53
Collins,53
Lakeway,53
Grundy,53
Ford,53
Ogallala,53
Hat Creek,53
Drewryville,53
Rush Valley,53
Brady,53
Broadus,53
Moselle,53
Kent City,53
Centre,53
Torrey,52
Cokato,52
Bird in Hand,52
Amawalk,52
East Hanover,52
Hosford,52
North Creek,52
Howes Cave,52
Crow Agency,52
Hope Valley,52
Leeper,52
Goreville,52
Bay Harbor Islands,52
Allyn,52
Saint Amant,52
North Barrington,52
Peterborough,52
Whaleyville,52
Grover,52
Lockwood,52
Collinston,52
Fort McCoy,52
Buhl,52
Overgaard,52
Sylacauga,52
Brookeville,52
Mastic Beach,52
Blue Ash,52
Loyalton,52
Washington Court House,52
Millersport,52
Shallotte,52
Edinboro,52
Galax,52
Florahome,52
Bliss,52
Blue Jay,52
Islandton,52
Ashton,52
Clifton Heights,52
Island Park,52
Browns Mills,52
Fleming,52
Fulda,51
Algonquin,51
Stanhope,51
Palm Springs,51
Ovid,51
Beechgrove,51
Wilkesboro,51
Amelia,51
Birchwood,51
Tallmadge,51
Bumpass,51
Purcell,51
Cyclone,51
Barney,51
Volant,51
Jenks,51
Dammeron Valley,51
Vivian,51
Duvall,51
Mifflin,51
Heyburn,51
Clarksboro,51
Salix,51
Willow Hill,51
McDermitt,51
Corsicana,51
Zirconia,51
Warba,51
Blandford,51
Isle,51
American Falls,51
La Jara,51
Folcroft,51
Riegelwood,51
Power,51
Starbuck,51
Leesport,50
Dowagiac,50
Tazewell,50
South Vienna,50
Orrtanna,50
Spring House,50
Round Mountain,50
Duke Center,50
Brandy Station,50
Idyllwild,50
Pocono Lake,50
Southborough,50
Rappahannock Academy,50
North Royalton,50
Fulks Run,50
Warrendale,50
Dalmatia,50
Center Hill,50
Oakfield,50
Campton,50
Angora,50
Conowingo,50
West Milford,50
Hitchcock,50
Garibaldi,50
Ironside,50
Mahnomen,50
East Patchogue,50
Millburn,50
Mabel,50
Sandwich,50
Narrows,50
Oak Hall,50
Desert Center,50
Great Meadows,50
Sprague,50
Strongstown,50
Homer City,50
Orbisonia,50
Schriever,50
Green Sulphur Springs,50
Horton,50
Keystone Heights,50
Holly Ridge,50
Cornelia,50
Ismay,50
Minnesota Lake,50
Whiteford,49
Killen,49
Solway,49
Farnham,49
Frankford,49
Hawthorn Woods,49
Mackinaw,49
Bond,49
North Scituate,49
Berkley,49
Hermantown,49
Howard Lake,49
Loogootee,49
Luxora,49
Cadiz,49
Guin,49
Belden,49
Rock Falls,49
Camp Douglas,49
Occoquan,49
Lost Creek,49
Gillette,49
Goodhue,49
Peninsula,49
Watford City,49
West Fork,49
Conestoga,49
Elbow Lake,49
Sand Lake,49
Folkston,49
Aguilar,48
Port Clinton,48
Blauvelt,48
Skaneateles,48
Autaugaville,48
Yucca,48
Ridgely,48
Paxton,48
Huddleston,48
Hartfield,48
Waller,48
Mount Lemmon,48
Mt Sidney,48
Epes,48
Rootstown,48
Imler,48
Whittington,48
Chittenango,48
Machesney Park,48
Crete,48
North Bayside,48
Colonie,48
Greenland,48
Southern Pines,48
Washington Twp,48
Zieglerville,48
Shirleysburg,48
Spout Spring,48
Newport Coast,48
Yanceyville,48
Nappanee,48
Morning View,48
New Wilmington,48
Clare,48
Nicktown,48
Rock Island,48
Esperance,48
Fosston,48
Haddon Township,48
Gleneden Beach,48
McCormick,47
Schnecksville,47
Womelsdorf,47
Putney,47
Kennebunk,47
East Dublin,47
Wadesboro,47
Westland,47
Schoharie,47
Raiford,47
Bremo Bluff,47
Mc Sherrystown,47
Balaton,47
Berkeley Springs,47
North Bay Village,47
Wartrace,47
Mattituck,47
Hickory Grove,47
Vesta,47
Stonyford,47
Pompton Plains,47
West Augusta,47
Hiawatha,47
Eagle Bridge,47
Chugwater,47
Bodega,47
Cornville,47
Wolf Point,47
Badger,47
Isabella,47
Kneeland,47
Avella,47
Tekonsha,47
Brattleboro,47
Saint Thomas,47
Pinetta,47
Dupo,47
Estes Park,47
Due West,47
Grifton,47
Atalissa,46
Tenafly,46
Berry,46
Plantersville,46
Supply,46
Sun Lakes,46
Van Wert,46
Bricelyn,46
Newbury,46
Waunakee,46
Ellisville,46
Thibodaux,46
Constantine,46
Cannon Beach,46
Pinecrest,46
Concrete,46
Shannon,46
Luna Pier,46
Boulevard,46
Moultrie,46
Union Mills,46
Okawville,46
Corry,46
Lorain,46
South Dennis,46
Rougemont,46
Cassville,46
Sussex,46
Drakes Branch,46
Renville,46
Fredericktown,46
Gilford,46
Green Valley Lake,46
Lake Jackson,46
Swan River,46
Big Stone Gap,46
Sharon Hill,46
Higginsville,46
Bryceville,46
Baskerville,46
Rutland,46
Derrick City,46
Mineral Wells,46
Harrison City,46
Grandin,46
Cimarron,46
Ellenboro,46
Etowah,46
Oskaloosa,45
Egan,45
Toughkenamon,45
Parsonsburg,45
North Plainfield,45
Swisshome,45
Stewart,45
Cashiers,45
Towaco,45
Ashland City,45
Shasta,45
Cudahy,45
Lanesboro,45
Autryville,45
Bryantown,45
Bigelow,45
Reynolds,45
Richardton,45
Poestenkill,45
Longville,45
Brocton,45
Greenvale,45
Lawley,45
Baudette,45
Iowa Falls,45
Temperanceville,45
Webster City,45
Salado,45
Castlewood,45
Pearisburg,45
Cement City,45
Thorsby,45
Marcellus,45
Fall City,45
West Milton,44
Lake Grove,44
Rushville,44
South and East Osceola,44
Eden Valley,44
Ehrenberg,44
Honey Grove,44
East Carbon,44
Elbridge,44
Denison,44
Deep River,44
Bay St Louis,44
Chapmanville,44
Cato,44
Fordyce,44
Windcrest,44
Churubusco,44
Soddy-Daisy,44
Saint Augusta,44
Van Horn,44
West End,44
Sunset Valley,44
St Clair,44
Sag Harbor,44
Pleasant Dale,44
La Jose,44
Bena,44
Vandergrift,44
Delaware Water Gap,44
Nevada,44
Long Lake,44
Cecil,44
Mineral Point,44
Simsbury,44
North Vernon,44
Dulzura,44
Water Mill,44
Arabi,44
Gordon,44
Poplarville,43
Mayo,43
Cranberry Twp,43
Hastings On Hudson,43
Fisherville,43
Shawano,43
Opelousas,43
Jensen Beach,43
Le Mars,43
McComb,43
Citronelle,43
Nine Mile Falls,43
Yoder,43
Spiritwood,43
Junction,43
Chuckey,43
Tyronza,43
Wibaux,43
Cold Spring Harbor,43
Waban,43
Robersonville,43
Shevlin,43
Gloverville,43
Muscle Shoals,43
Seatac,43
Peshastin,43
Guilderland,43
Ashkum,43
Bastrop,43
Grouse Creek,43
Gordo,43
Painter,43
New Brockton,43
Croydon,43
Cherry Tree,43
West Barnstable,43
Villa Grove,43
Pine Mountain Club,43
Olney,43
Eagle Springs,43
Whiting,43
Britt,43
Eastland,43
Oriska,43
Ayden,43
Emerson,43
Gilmore,43
Twin City,43
Flovilla,43
Vincennes,42
La Veta,42
Ottertail,42
Murdock,42
Pinebluff,42
Rotterdam Junction,42
Mountain Center,42
Franconia,42
Le Center,42
Hawkinsville,42
Blakeslee,42
Pleasant Garden,42
Massillon,42
Farwell,42
District 3,42
Marked Tree,42
Dows,42
South Lyon,42
Guffey,42
Cullowhee,42
McColl,42
Paducah,42
Earlysville,42
Forreston,42
Rapidan,42
North Manchester,42
North Platte,42
Los Altos Hills,42
Star,42
New Palestine,42
Walpole,42
Winterville,42
New Richland,42
Cape May,42
Upperville,42
Cobleskill,42
Pilesgrove,42
Fort Gratiot,42
Lake Wilson,42
Tecumseh,42
Titus,42
Haddam,42
Ulster Park,42
Ririe,42
Luning,42
Tortilla Flat,42
Bells,42
West Bend,42
Alliance,42
Headland,42
South Burlington,42
Italy,42
Julesburg,42
Cranberry,42
Pelahatchie,42
Indianola,42
Saguache,42
Sligo,41
Ovando,41
Thompson Falls,41
Vidalia,41
Brantley,41
Colbert,41
Hooper,41
Logandale,41
Cornwall,41
Cherryville,41
Fort Meade,41
Clarendon,41
Jaffrey,41
Orrstown,41
Aneth,41
Grand Canyon,41
Fort Rock,41
Ida,41
Dryden,41
Indiantown,41
Bogart,41
Halfway,41
Latimer,41
Tekamah,41
Demorest,41
Caspar,41
Wading River,41
Chidester,41
Avonmore,41
Traverse City,41
Slaughter,41
Foster City,41
Jackpot,41
Parish,41
Sardis,41
Cataldo,41
Athol,41
Taneytown,41
Moulton,41
Moultonborough,41
Vass,41
Lowgap,41
Elysian,41
Ambridge,41
Iliff,41
Pound,41
Ransomville,41
Saucier,41
Pequot Lakes,41
Spruce Pine,41
Millheim,41
Grabill,40
Garden Prairie,40
Angelus Oaks,40
Tamassee,40
College Grove,40
Elsmere,40
St Amant,40
Woodsboro,40
Tamaqua,40
Chula,40
Glendo,40
Senatobia,40
Mt Olive,40
Loving,40
Montgomery City,40
Tuscola,40
Plato,40
Modoc,40
Covesville,40
Glen Gardner,40
Volente,40
Ferdinand,40
Three Oaks,40
Storm Lake,40
Herlong,40
Bridger,40
Vesuvius,40
Pine Bluffs,40
East Glacier Park,40
Sauquoit,40
Bellvue,40
Hopkinsville,40
Mahomet,40
Lake Alfred,40
Vestavia,40
Monte Vista,40
Rolling Prairie,40
Roscommon,40
River Forest,40
Lucinda,40
Marion Station,40
Charlotte Court House,40
Claverack,40
Leighton,40
McKittrick,40
Claxton,39
Boca Grande,39
Beaver Crossing,39
Sierra City,39
Trout Creek,39
Belleair Beach,39
Wells Tannery,39
Whitmore,39
Saranac,39
Penhook,39
Dracut,39
Star City,39
Enon Valley,39
Elliottsburg,39
Fort Hancock,39
Spruce Creek,39
Lyndon Station,39
Lavina,39
Lottsburg,39
Blachly,39
Deposit,39
Peachland,39
Mount Solon,39
Stanleytown,39
Hokah,39
Ducor,39
Sacred Heart,39
Bird Island,39
Ina,39
Weiser,39
Flatwoods,39
New Enterprise,39
Rancho Dominguez,39
Madeline,39
Black Forest-Peyton,39
Buffalo Valley,39
Huntingtown,39
New Germany,39
Hortonville,39
Moyock,39
Line Lexington,39
Kuna,39
Mayport,39
Upper Sandusky,39
Snow Camp,39
Chadbourn,39
Mountainburg,39
Mount Rainier,39
Raymore,39
East Pittsburgh,39
Richmondville,39
North Tazewell,39
Virginia City,39
Wray,38
Gibbon,38
Jane Lew,38
Mt Union,38
Middleport,38
Lowry,38
Cairnbrook,38
Ariel,38
Stuttgart,38
Model,38
Newton Upper Falls,38
Mainesburg,38
Flag Pond,38
Oakland City,38
West Farmington,38
Tallassee,38
Buckingham,38
Weyauwega,38
Uxbridge,38
Grass Range,38
Sheboygan Falls,38
Royal Palm Beach,38
Union Springs,38
Montgomery Village,38
Harpersville,38
King,38
Shipshewana,38
Langley,38
Crandall,38
Talking Rock,38
Swanzey,38
Longmeadow,38
Mc Gaheysville,38
Danube,38
West Concord,38
Anamosa,38
St Peters,38
Meadow,38
Broadview,38
Camilla,38
Hoboken,38
Woodward,38
Painted Post,38
Loa,38
Wrenshall,38
Plumas Lake,38
Horseheads,38
Joiner,38
Shade Gap,38
Yucca Valley,38
Mukwonago,38
Alpena,38
Bald Knob,37
North Antelope Valley,37
Central Contra Costa,37
Snowflake,37
North Baldwin,37
Ulmer,37
Teasdale,37
South Beloit,37
Yokuts Valley,37
Schroon Lake,37
Hampden,37
Helmville,37
Defiance,37
Forksville,37
Samoa,37
La Follette,37
Orchard,37
Bingen,37
Cedar Falls,37
Kiln,37
Bartonsville,37
Mt Gilead,37
Mercersburg,37
Sandy Ridge,37
Stuyvesant,37
Farina,37
Slocomb,37
Pounding Mill,37
Good Thunder,37
Summerdale,37
Crystal Bay,37
Nacogdoches,37
Conner,37
Puposky,37
Marine,37
Lizton,37
Wilbraham,37
Valier,37
Belews Creek,37
Laceyville,37
Big Springs,37
Mossyrock,37
Cosmopolis,37
Red Springs,37
Eagle Mountain,37
Wood Village,37
Lucama,37
Hanley Falls,37
Brayton,37
Bogota,37
Mishawaka,37
Alderpoint,37
Sunnyside,37
Mount Clare,37
Marysvale,36
Piney Flats,36
Margate,36
Hastings-on-Hudson,36
Shamong,36
New Springfield,36
Mt Carmel,36
Highwood,36
Panacea,36
Lake in the Hills,36
New Ringgold,36
Horace,36
North Windham,36
Kelliher,36
Beryl,36
Molena,36
Lockesburg,36
Jobstown,36
Randall,36
Stone Ridge,36
Rangely,36
Ponte Vedra,36
Fountain City,36
Potterville,36
Rosman,36
McKees Rocks,36
Saint Michaels,36
Lumpkin,36
Polk,36
Kim,36
Enon,36
Ho Ho Kus,36
Manitowoc,36
Shelley,36
Buskirk,36
Burnt Cabins,36
Big Run,36
San Tan Valley,36
Eddy,36
Homerville,36
Williamsville,36
Port Jefferson,36
Biscayne Park,36
Beavercreek,36
Shacklefords,36
Ray,36
Corbin,36
Mooresboro,36
Sapphire,36
Gas City,36
Kerkhoven,36
Valley Head,35
New Concord,35
Schuyler,35
Yelm,35
Haslett,35
Rock Tavern,35
Jeffers,35
Forestport,35
Huntsburg,35
Richland Hills,35
Grizzly Flats,35
Fair Grove,35
Challenge,35
Hillman,35
Perryopolis,35
Polkton,35
Burnham,35
Haughton,35
Atwood,35
Elrod,35
Interlochen,35
East Aurora,35
Moosup,35
Swords Creek,35
Foreston,35
Maggie Valley,35
Yarmouth Port,35
Dardanelle,35
Little Ferry,35
Hurt,35
Bechtelsville,35
Lindale,35
Mosheim,35
Naches,35
Morongo Valley,35
Santa Ysabel,35
Babb,35
Amissville,35
Ayer,35
Burnt Hills,35
Heber Springs,35
New Meadows,35
Tamarack,35
Tafton,35
Big Falls,35
Crescent Mills,35
Wingate,35
Hedgesville,35
Palos Hills,35
Saline,35
Oakmont,35
Deadwood,35
Axis,35
Wysox,35
Blandon,35
Wisconsin Rapids,35
Appling,35
Pennsylvania Furnace,35
Tomkins Cove,34
Clymer,34
Seaside Heights,34
Ellerbe,34
Erin,34
Stratham,34
Medinah,34
Gay,34
Antrim,34
Fruitport,34
Bulger,34
Seiad Valley,34
Swanville,34
Stapleton,34
Dermott,34
Newland,34
Little Orleans,34
Goodview,34
Goodfield,34
Natchez,34
Owings,34
Golden Beach,34
Milliken,34
Saukville,34
Sandpoint,34
Caballo,34
Hull,34
Lakehurst,34
Sergeant Bluff,34
Stockholm,34
Richwood,34
Lucedale,34
Meherrin,34
Palmerton,34
Keeseville,34
Pasco,34
Rockaway Park,34
Johnson Creek,34
Cassel,34
Purvis,34
Madeline Plains,34
Mc Graw,34
Wrightstown,34
Muscatine,34
New Baden,34
Tonganoxie,34
Needmore,34
Pesotum,34
Billingsley,34
Grayling,34
Mohave Valley,34
Millers Creek,33
Brightwood,33
Manton,33
Waccabuc,33
Abbott,33
Morocco,33
Petoskey,33
New Lisbon,33
Gales Ferry,33
New Ipswich,33
Jenkinsburg,33
Bradenton Beach,33
Humboldt,33
Joshua Tree,33
Mack,33
Maple Hill,33
Olancha,33
Atkinson,33
Greenup,33
Bowdoinham,33
Penn Run,33
Pemberton,33
Wellfleet,33
Drake,33
Saunderstown,33
Mi Wuk Village,33
Raynesford,33
Killingworth,33
Wise,33
Livingston Manor,33
Warrens,33
Cove City,33
New Town,33
Fort Benning,33
Okabena,33
Edwardsburg,33
Connersville,33
Statham,33
New Plymouth,33
Campbellsburg,33
San Manuel,33
Keenesburg,33
Elon,33
Ionia,33
Sikeston,33
Duluth city,33
Crook,33
Crawford,33
Lantana,33
Espanola,33
Royal City,32
Rockbridge,32
Monaca,32
White Lake,32
North Grafton,32
Kettle River,32
Northglenn,32
Big Island,32
Gainesboro,32
Cape Neddick,32
Raisin City,32
Sumrall,32
Round Lake Heights,32
West Long Branch,32
Camano Island,32
Santo,32
Jefferson Valley,32
North Woodstock,32
Berea,32
Vilonia,32
Union Hall,32
Biwabik,32
Frametown,32
West Alexandria,32
Shohola,32
Tres Pinos,32
Plattsmouth,32
Palos Heights,32
Lamberton,32
Towaoc,32
Booneville,32
Busby,32
Chuluota,32
Garnet Valley,32
Talladega,32
Ariton,32
Deansboro,32
Voluntown,32
Long Branch,32
Americus,32
Mckenzie Bridge,32
Fitzgerald,32
Upton,32
Cumberland Foreside,32
Cut Bank,32
Frenchville,32
West Boylston,32
Baconton,32
Rowley,32
Bryce,32
Oglesby,32
Elizabethton,32
Timnath,32
Ash,32
Camp Creek,32
Sodus,32
Theresa,32
Bayfield,32
Tamarac,32
Nicholasville,32
Crystal Beach,32
Walworth,32
Algodones,32
West,32
Fort Klamath,32
Durkee,32
Waveland,32
Sarver,31
Bergenfield,31
Woodmere,31
Rocky Ridge,31
Lane,31
Carrsville,31
Pleasant Gap,31
Orrum,31
Apalachin,31
Basin,31
Snowmass,31
Pelican Rapids,31
Staley,31
Brush Prairie,31
Toomsuba,31
Richview,31
Bolton Landing,31
Chenoa,31
Mountain City,31
Tionesta,31
Donnellson,31
Bascom,31
McIntosh,31
Cochran,31
Thoreau,31
Lakeside Park,31
Holly Pond,31
Mondamin,31
Pink Hill,31
Townley,31
Bridgehampton,31
Raton,31
East Mc Keesport,31
Chattaroy,31
Richton Park,31
Whitwell,31
Lowville,31
Baxley,31
Turtle Creek,31
Columbiaville,31
Braceville,31
Bozrah,31
Piketon,31
Imlay City,31
Imperial Beach,31
Broadbent,31
Jack,31
Gill,31
Port Crane,31
Magdalena,31
Emerald Hills,31
East Troy,31
Kettle Falls,31
Hobbs,31
Embarrass,31
Clarence,31
Southwest Orange,31
Greendale,31
Gasburg,31
Emigrant,31
Sturgis,31
Diamond,31
Sierra Blanca,30
East Berne,30
Cropseyville,30
Rantoul,30
Banner Elk,30
Cape Girardeau,30
East Haddam,30
Tabor City,30
Blanchester,30
Center Cross,30
Del City,30
Beaverdam,30
Allensville,30
Fruit Heights,30
Creighton,30
Laurel Springs,30
Colquitt,30
Cream Ridge,30
Allegan,30
Irvona,30
Fairhaven,30
Divernon,30
Rixeyville,30
Garyville,30
Mount Bethel,30
Cochranton,30
Grasston,30
Tumwater,30
Waite Park,30
Orefield,30
McVeytown,30
Bruceville,30
Landisburg,30
Brule,30
North Oxford,30
Rumsey,30
Tulalip,30
Calabash,30
Pinopolis,30
Thorp,30
Mcarthur,30
Erskine,30
Fairless Hills,30
Carlos,30
Beaver Dam,30
Grey Eagle,30
Sebeka,30
Jbsa Lackland,30
White Salmon,30
Chalmers,30
West Stockbridge,30
Evans City,30
Maple Plain,30
Bonnieville,30
Fort Davis,30
Oriskany Falls,30
Laguna Woods,30
Wabash,30
Orovada,30
Lostant,30
Waterford Works,29
Pascagoula,29
Horseshoe Bend,29
Waymart,29
Amagansett,29
Sayre,29
Mancos,29
South Setauket,29
Killdeer,29
Palos Park,29
Koosharem,29
Dry Fork,29
San Elizario,29
Airway Heights,29
Clarkdale,29
Bloxom,29
Rollins,29
Cochise,29
Lena,29
Fruita,29
Pollocksville,29
Virgin,29
Skipwith,29
Black Eagle,29
Dornsife,29
Talmo,29
Dahlgren,29
Uvalde,29
Deltaville,29
Elkland,29
Hartly,29
West Winfield,29
Driftwood,29
Rancho Murieta,29
Mazeppa,29
Highlands Ranch,29
New Richmond,29
Stratton,29
Millwood,29
Veyo,29
Star Tannery,29
Rodessa,29
Shelby Township,29
Aldrich,29
Wesson,29
Tower,29
Barclay,29
Tower City,29
Laughlintown,29
Hewlett,29
Flagler,29
Chebanse,29
Sachse,29
Van Horne,29
Lund,29
Church View,29
West Alton,29
Chesapeake City,29
Shinnston,29
Fitzpatrick,29
McDavid,29
Blairsburg,29
Jeffersonton,29
Judsonia,29
Corryton,29
Sammamish,29
Bladenboro,29
Kerhonkson,29
West Hills,29
Sugarcreek,29
East Moriches,29
Donna,29
Spirit Lake,28
Grapeview,28
Loves Park,28
Loma Mar,28
Quaker City,28
Ribera,28
Bellefontaine,28
Sherrill,28
Double Springs,28
Vermilion,28
Oley,28
Chaplin,28
Wiley,28
Nakina,28
West Plains,28
Merino,28
Ludowici,28
Central Square,28
Rochester Mills,28
South Deerfield,28
Shiloh,28
Mena,28
Edina,28
Dodgeville,28
Naubinway,28
Lewiston Woodville,28
Middleville,28
Tuscarora,28
Darwin,28
McGregor,28
Peosta,28
Marine On Saint Croix,28
Mardela Springs,28
Adams Run,28
Germanton,28
Bellows Falls,28
Lonaconing,28
Stem,28
Beulaville,28
Moravia,28
Craigsville,28
Cuthbert,28
Black Creek,28
Lindenwold,28
Haverstraw,28
Hopedale,28
Tama,28
Bosler,28
Dyess,28
Groveton,28
Neillsville,28
Forbestown,28
Steeles Tavern,28
Belleair Bluffs,28
McConnells,28
Friendship,28
Fort Benton,28
Unicoi,28
Hager City,28
Edgar,28
Noxon,28
Malin,28
Allegany,28
Garrettsville,28
Mc Alpin,28
Robesonia,28
North Reading,28
Catharpin,28
South Amana,28
Susquehanna,28
Valley Cottage,28
Winnabow,27
Bradenville,27
Edenton,27
Glenrock,27
Rhinelander,27
Glen Ullin,27
Mc Grath,27
East Waterford,27
Dora,27
Pinetops,27
Big Sandy,27
Sperry,27
Bonners Ferry,27
Olean,27
Gulf Shores,27
Earleville,27
Fabens,27
St Clairsville,27
Cedar Key,27
Woodrow,27
Cummings,27
Nathrop,27
Bosque Farms,27
Walkerton,27
Losantville,27
Arcola,27
Randle,27
Gray Mountain,27
Trevorton,27
Chichester,27
Weslaco,27
Dearborn Heights,27
Lagunitas,27
Payette,27
Pioche,27
Yeagertown,27
Gasport,27
Kendallville,27
Middle Keys,27
Linton,27
Cresco,27
Partlow,27
Young America,27
New Fairfield,27
Wagon Mound,27
Ft Wright,27
Haleyville,27
Moapa,27
Cobbtown,27
Barkhamsted,27
Kimmell,27
Green Valley,27
Conklin,27
Bogue Chitto,27
Scotland Neck,27
Castle Dale,27
Manitou Springs,27
Brielle,27
Alanson,27
Moriches,27
Maple Glen,27
Sims,27
Oakland Mills,27
Minturn,27
Chariton,27
Rolling Hills Estates,27
Harborcreek,27
Mandaree,27
Sweet Grass,26
Drybranch,26
Glen Campbell,26
Farmer City,26
Factoryville,26
Burnet,26
Otis Orchards,26
Wattsburg,26
Gravette,26
Hankinson,26
Roan Mountain,26
Huntertown,26
Harwood Heights,26
Willimantic,26
Dallas Center,26
Buckner,26
North Plains,26
Mooringsport,26
Indian River,26
Saint Anthony,26
Reform,26
Goodells,26
Spangle,26
Pompton Lakes,26
Belcher,26
Orcutt,26
Des Allemands,26
Ronda,26
Waskish,26
Branchburg,26
Stokes,26
Descanso,26
Oberlin,26
Atlantic Beach,26
Fork Union,26
Stephenson,26
Mt Sterling,26
Pardeeville,26
Amma,26
Manassas Park,26
Saint Ignace,26
Browerville,26
Leetsdale,26
Cozad,26
Ellaville,26
Fonda,26
McGaheysville,26
Kentland,26
Sabattus,26
Sunburg,26
Warner Springs,26
Marshallville,26
Steubenville,26
Martville,26
Centerburg,26
Kaufman,26
Elk Mountain,26
Preston City,26
Box Springs,26
Obrien,26
Ranger,26
Sibley,26
Waynetown,26
Ocean Isle Beach,26
Downieville,26
Tonalea,26
Ouray,26
Mattapoisett,26
Larsen,26
Big Rapids,26
Kennebunkport,26
Loysville,26
Schuylkill Haven,26
McAllen,26
Nassawadox,26
Wakeman,25
Deer Trail,25
Marydel,25
Suamico,25
Adamsville,25
South Bay,25
Littlefork,25
Mc Gregor,25
Onawa,25
England,25
Corona Del Mar,25
Birds Landing,25
Poland,25
Pequea,25
Mt Ephraim,25
Ickesburg,25
Perkasie,25
Barrett,25
Sherrills Ford,25
Woodbury Heights,25
Buena,25
Harpursville,25
Little Sioux,25
Corona del Mar,25
Dittmer,25
Newfane,25
Rosemont,25
Fort Loudon,25
Centerfield,25
Seagrove,25
Pacific Grove,25
Neoga,25
Buffalo Lake,25
San Geronimo,25
Brodheadsville,25
Weems,25
New Philadelphia,25
Storrs Center,25
Millsap,25
Olathe city,25
Vincent,25
Salamanca,25
Olive Hill,25
Conneaut,25
Truth or Consequences,25
Dillsboro,25
Bear Creek,25
Sun River,25
Presto,25
Cambridge Springs,25
Bois D'Arc,25
Anza,25
DeBary,25
Bushkill,25
Towner,25
South Point,25
Great Bend,25
McBee,25
Mcloud,25
Iowa Park,25
Perrysville,25
Sleepy Hollow,25
Dalhart,25
Greenwood Village,25
Myton,25
Splendora,25
Wassaic,25
Lake,25
Calumet,25
Elk City,25
Nerstrand,25
Locke,25
Belchertown,25
Copper Hill,25
Palisades,25
Castle Creek,25
Norwell,25
Mattaponi,25
Humphrey,25
Farmington Hills,25
Marienville,25
Pullman,25
Meadows of Dan,25
Calumet Park,25
Amston,24
Madrid,24
La Porte City,24
Truro,24
Braddock,24
Helm,24
Raven,24
Bethel Park,24
St Albans,24
Bryans Road,24
Woodhull,24
Warriors Mark,24
Clintonville,24
Convent,24
Maynardville,24
Leonardo,24
Corinne,24
Wood River,24
Alzada,24
Roaring River,24
Lee Center,24
Rives Junction,24
Rothsay,24
Kings Canyon National Pk,24
Elkhart Lake,24
Ipswich,24
Smithmill,24
Glouster,24
Ringwood,24
Jacksonville West,24
Giltner,24
Mendenhall,24
Rayville,24
San Juan,24
Fawn Grove,24
Edcouch,24
Lynnville,24
Twin Lakes,24
Bearden,24
Carmichaels,24
Hallwood,24
Bee Cave,24
Lake Geneva,24
Hobson,24
Thurmond,24
Broadlands,24
Tomahawk,24
Valley Falls,24
Maquoketa,24
Dyersville,24
Vansant,24
Wenona,24
Laingsburg,24
Pfafftown,24
Mantorville,24
Olin,24
James City,24
Vernon Hill,24
Bonduel,24
Oliver Springs,24
Coden,24
Gray Summit,24
Markleysburg,24
Tygh Valley,24
Port Costa,24
Marble,24
Elk Creek,24
Hertford,24
Clarkton,24
Capac,24
Millstone Twp,24
Early,24
South Park,24
Center,24
Galion,24
Slater,24
Shiprock,24
Higden,24
Deweyville,24
Powells Point,24
Hot Sulphur Springs,24
Raceland,24
St Michaels,24
Rigby,24
Diamondhead,24
Vining,24
Dahlonega,24
Big Arm,24
Shoemakersville,24
Emmett,24
Sperryville,24
Bernalillo,24
Green Forest,24
Tillatoba,24
Scribner,24
Holloway,24
Roseboro,24
Chocowinity,24
Morehead,24
Lore City,23
Lower Keys,23
Bois D Arc,23
Fish Creek,23
Strawberry Valley,23
Smock,23
Howey In The Hills,23
Crystal City,23
Rio Rancho,23
Mount Pocono,23
Greenport,23
Carrabelle,23
Fannettsburg,23
Hellam,23
Stoneboro,23
Topsfield,23
Sheridan Lake,23
Hallam,23
Roulette,23
Markleville,23
Walnutport,23
Topock,23
Winger,23
Beecher,23
Samson,23
New Iberia,23
Rich Square,23
Mc Clellandtown,23
Winnie,23
Villa Hills,23
Bunnlevel,23
West Newbury,23
Trumansburg,23
Eastchester,23
Logansport,23
Westernville,23
Millen,23
Bighorn,23
Eagle Bend,23
Mount Clemens,23
Rew,23
Elnora,23
Lapine,23
Traver,23
McConnellsburg,23
Mabelvale,23
Gibsonville,23
Comfort,23
Spring Arbor,23
Hemlock,23
Woody,23
Camak,23
Tabernacle,23
Playa del Rey,23
Canyon Dam,23
Roselle Park,23
Wenham,23
Coal Center,23
Belview,23
Geismar,23
Ledyard,23
Gothenburg,23
Fort Branch,23
Goldvein,23
Morven,23
Mahanoy City,23
Columbia Station,23
Belfield,23
Lignum,23
Starkville,23
Blanchard,23
East Weymouth,23
Nelsonville,23
Kendall Park,23
Hathaway,23
Lambertville,23
New Lothrop,23
Goldston,23
Many Farms,23
Zenia,23
Morrice,23
Saint Maries,23
Waskom,23
East Bernstadt,23
Awendaw,23
Camden Wyoming,23
Pima,23
Leyden,23
Lake St Louis,23
Mount Royal,23
South Hempstead,23
Gatlinburg,23
Fitzwilliam,23
Council,23
Cathlamet,23
Ludington,23
Falls Village,23
Succasunna,23
Pittsview,23
Colebrook,22
Lilesville,22
Petrolia,22
Rock City Falls,22
Fort Denaud,22
Lynn Center,22
Dyersburg,22
Pen Argyl,22
East Dubuque,22
Belleair,22
Rhodesdale,22
Delco,22
Vado,22
Bay,22
Black Diamond,22
Basehor,22
Petrified Forest Natl Pk,22
Dolores,22
Lamoni,22
Shallowater,22
Filer,22
Floweree,22
Blakely,22
Vaughan,22
Honaker,22
Balmorhea,22
Dent,22
Lake Odessa,22
Sacaton,22
McKenzie,22
Fabius,22
Reed City,22
Monroe Center,22
Albers,22
Kennedyville,22
Barre,22
Gloversville,22
Moodus,22
Vilas,22
Somes Bar,22
Monahans,22
Archbald,22
Stockertown,22
Waupun,22
Leo,22
Poolesville,22
Baileyton,22
Eastham,22
Hill AFB,22
Carey,22
Saint Stephens Church,22
Bluff,22
Cahone,22
Sula,22
Pomeroy,22
Point Pleasant Beach,22
San Jon,22
Summersville,22
Moravian Falls,22
Jbsa Ft Sam Houston,22
Strong,22
Orrville,22
Raytown,22
Olmsted Falls,22
Jackson Center,22
Sudbury,22
Shickshinny,22
Laurel Run,22
Laddonia,22
Choteau,22
Sheldon,22
Vintondale,22
Mammoth Spring,22
Rumson,22
West Lebanon,22
Glenfield,22
Baldwin Place,22
Bostic,22
Odell,22
Salt Flat,22
Dagsboro,22
Armuchee,21
Abbotsford,21
Scenery Hill,21
Oxbow,21
Plaquemine,21
Orwigsburg,21
Lindenwood,21
Becket,21
Stedman,21
Monroe City,21
McKean,21
Hartwell,21
New Tazewell,21
Fort Dodge,21
Fort Stewart,21
Bourbon,21
Vidor,21
Box Elder,21
Newcomb,21
Silas,21
New Park,21
Cascadia,21
Hanska,21
Hatch,21
New Raymer,21
Alpine Meadows,21
Dinosaur,21
Laurelton,21
Harford,21
Sunfield,21
Montauk,21
South Easton,21
Saint Robert,21
Epsom,21
Mount Ulla,21
Irwindale,21
Java,21
Brooker,21
Freeville,21
Doniphan,21
Patrick AFB,21
Riner,21
Ainsworth,21
Kell,21
South Lebanon,21
Caret,21
Copperas Cove,21
Valentines,21
Posey,21
Wahkon,21
North Hudson,21
Coalmont,21
Wanatah,21
Banner,21
Teague,21
Lomita,21
Cave City,21
Potrero,21
Hallsville,21
New Preston Marble Dale,21
Wheeler,21
Lanesville,21
Atlantic Highlands,21
Rose Bud,21
Log Lane Village,21
West Deptford,21
Bowdon,21
Amanda,21
Tunkhannock,21
Morningside,21
Mill Spring,21
Elberfeld,21
Astatula,21
Fate,21
Fond Du Lac,21
Beasley,21
Fern Park,21
Fiskdale,21
Medora,21
New Sharon,21
Almont,21
Munford,21
Aaronsburg,21
Reserve,21
Max,21
Oakes,21
Arcanum,21
Holton,21
South River,21
East Norwich,21
Slate Hill,21
Del Rio,21
Macedon,21
Gibson,21
McAlisterville,21
New Waverly,21
Burson,21
Dadeville,21
De Berry,21
Belgium,21
Elkins,21
Sidell,21
Virgilina,21
Electra,21
Rexburg,21
Broad Brook,21
Wilseyville,21
Cleona,21
Linfield,21
Coats,21
Huxley,21
Minier,21
Aubrey,21
Union Point,21
North Palm Beach,21
Chimacum,20
Brogan,20
East Chicago,20
Kulpmont,20
Reedville,20
Spotswood,20
Amargosa Valley,20
Armagh,20
Westerlo,20
Addis,20
Town Creek,20
Smith,20
Cutchogue,20
East Moline,20
Brasstown,20
Devils Lake,20
Bon Aqua,20
Evans Mills,20
Turtlepoint,20
White River Junction,20
Hosston,20
Cliffwood,20
Dike,20
Mulberry Grove,20
Santa Claus,20
Temple Terrace,20
Mc Kean,20
Airmont,20
Fanning Springs,20
Goliad,20
Clarissa,20
Mifflinville,20
Cornwall Bridge,20
Congers,20
Camden-Wyoming,20
Oakboro,20
Clinchco,20
Ruston,20
Cassopolis,20
Emily,20
Shoals,20
Rotonda West,20
Colleyville,20
Blencoe,20
Coeymans Hollow,20
Brookneal,20
Tiverton,20
Nashwauk,20
Pearson,20
Salol,20
South Sioux City,20
Holley,20
Mount Horeb,20
Berlin Heights,20
Fort Shaw,20
Mccordsville,20
Temperance,20
Montandon,20
Duncans Mills,20
Neotsu,20
Coaling,20
Ararat,20
North Lauderdale,20
Onancock,20
Frontenac,20
Birdseye,20
Willards,20
Eagar,20
Manquin,20
Shoshone,20
Earle,20
Palm,20
Elliott,20
Champion,20
El Granada,20
Omro,20
Nixon,20
Wevertown,20
Sumas,20
St Robert,20
Berne,20
Convoy,20
Freeburg,20
Ranson,20
Pylesville,20
Osgood,20
Trion,20
Loon Lake,20
Patrick Springs,20
Spearville,20
Goffstown,20
Morenci,20
Geyser,20
Brent,20
Coal City,20
Southside,20
Devens,20
Beach City,20
Effie,20
Hesston,20
Parsons,20
Mc Rae,20
Steger,20
Gillett,20
Wilsall,20
Harlingen,20
Lucasville,19
Randsburg,19
Yoe,19
Otsego,19
Irondale,19
Boyne Falls,19
Clute,19
Hillrose,19
Likely,19
Kittrell,19
Sarcoxie,19
Mount Gretna,19
Saint Paul Park,19
Doddridge,19
Left Hand,19
Glenoma,19
Claudville,19
Wabasso,19
Mc Kinnon,19
Stantonsburg,19
State Road,19
Sedgwick,19
Lake Milton,19
Coleraine,19
Oak City,19
Ailey,19
Cocolamus,19
Kearneysville,19
Basalt,19
Cusick,19
Ellenville,19
Little Chute,19
Novelty,19
Culdesac,19
Rixford,19
Post,19
Bermuda Dunes,19
Mcgregor,19
Gentry,19
Duette,19
Clitherall,19
Kilgore,19
Oostburg,19
Graton,19
Dendron,19
Parks,19
Glen Echo,19
Dallesport,19
Haugan,19
Caruthersville,19
Dalbo,19
Trimont,19
Cygnet,19
Canal Point,19
River Falls,19
Watseka,19
Carriere,19
Diboll,19
New Pine Creek,19
Azle,19
Evening Shade,19
Keystone,19
Egnar,19
Alapaha,19
Wilder,19
Glenarm,19
Borger,19
Bradner,19
Greene,19
McDowell,19
Mounds,19
Mattawa,19
Croton Falls,19
Marble Canyon,19
Cripple Creek,19
Wakarusa,19
Maplewood,19
Dongola,19
Minter,19
Modena,19
Brooklawn,19
Port Saint Joe,19
Driscoll,19
Bellville,19
Wittenberg,19
Steamboat Rock,19
Winnett,19
Sells,19
Sheffield Lake,19
Fraser,19
Williston Park,19
Iola,19
Crawley,19
Flinton,19
Sneads Ferry,19
Modale,19
Hohenwald,19
Pocasset,19
Maple Falls,19
Wellston,19
Brazoria,19
Suffield,19
Baden,19
Haswell,19
North Arlington,19
Broad Top,19
Pine Hill,19
Kenova,19
Stoddard,19
West Chesterfield,19
Stevensburg,19
Bainbridge Island,19
Sugar Hill,19
Sentinel Butte,18
Ragged Point,18
Playa Vista,18
St Ann,18
Drytown,18
White Heath,18
Teutopolis,18
Landers,18
Corapeake,18
Johnsburg,18
Broadalbin,18
Mancelona,18
Rich Creek,18
Rancho Palos Verdes,18
Ethel,18
Keller,18
Crisfield,18
Bakersville,18
South Windham,18
Hackberry,18
Toston,18
Orange Beach,18
Skillman,18
East Amherst,18
Nipton,18
St James,18
Solen,18
Eldorado,18
Comanche,18
Lovington,18
Guinda,18
Thompson's Station,18
West Suffield,18
Economy,18
Brooten,18
Yalaha,18
Tillar,18
Dunstable,18
Silver Bay,18
Grayville,18
Ava,18
Grassy Butte,18
New Edinburg,18
Big Cove Tannery,18
Sabinsville,18
Chesapeake Beach,18
Gallipolis,18
Mayview,18
Sulligent,18
Fort Atkinson,18
Head Waters,18
Imboden,18
Biola,18
Ticonderoga,18
Newman Lake,18
Lismore,18
Eure,18
Forks of Salmon,18
Minerva,18
Cottontown,18
Camp Meeker,18
East Flat Rock,18
Indian Harbour Beach,18
West Cornwall,18
Watkins Glen,18
Vina,18
Beulah,18
Nolensville,18
Little Plymouth,18
Plush,18
Flora,18
Knobel,18
District 7 Ocean City,18
Absarokee,18
Ocean Shores,18
Manly,18
Columbia Cross Roads,18
Westampton,18
Hermosa Beach,18
Howey-in-the-Hills,18
Encinal,18
Arriba,18
Almond,18
Henryetta,18
Dumas,18
Kandiyohi,18
Harrison Valley,18
Metamora,18
Fox River Grove,18
Little Egg Harbor Twp,18
Missouri River,18
Long Valley,18
Wiscasset,18
Cave Spring,18
Keams Canyon,18
Gazelle,18
Woonsocket,18
Mertztown,18
Church Creek,18
Elberon,18
Gaylesville,18
Gould,18
Norridge,18
Edisto Island,18
Honesdale,18
Hernando Beach,18
Urbanna,18
Antigo,18
Turkey,18
Cotuit,18
Alleyton,18
Kettering,18
Owensboro,17
Jeromesville,17
Frederic,17
Helotes,17
Marblemount,17
Verbank,17
Berthold,17
Claypool,17
Mt Lemmon,17
Wye Mills,17
Kaw,17
Grantsburg,17
Adin,17
Diablo,17
Kilkenny,17
Lusby,17
Pearcy,17
Needville,17
Clintwood,17
Burien,17
Edna,17
Downs,17
Sardinia,17
Alum Creek,17
Bowlus,17
Wallops Island,17
Sandersville,17
Central Falls,17
Sainte Genevieve,17
East Liverpool,17
Maugansville,17
Hindsville,17
Merkel,17
La Verkin,17
Mt Clare,17
Parker Dam,17
Ogema,17
College Station,17
Elizabethville,17
Hickory Creek,17
Park Hills,17
East Bridgewater,17
East Sierra,17
Kaycee,17
Ringtown,17
McCammon,17
Ordway,17
Flatonia,17
Riviera Beach,17
Blowing Rock,17
Gosport,17
Eastpointe,17
Emmet,17
Lynch Station,17
Island Falls,17
Moroni,17
Obetz,17
Winchendon,17
Center Barnstead,17
West Warren,17
Roland,17
Liberty Twp,17
Crompond,17
Washington Depot,17
Prospect Heights,17
Korbel,17
Emmetsburg,17
Powderhorn,17
Viola,17
Ortonville,17
Fall Creek,17
Lake Toxaway,17
Union Dale,17
Oconto,17
Pella,17
Exchange,17
Cumberland Furnace,17
Linkwood,17
Huff,17
Miltona,17
Ryegate,17
Delano-McFarland,17
Whiterocks,17
Baird,17
Bell Canyon,17
Eastpoint,17
Riggins,17
Pratt,17
Danielsville,17
Cedarhurst,17
Crossett,17
Rose Creek,17
Correctionville,17
Ryland Hght,17
Peterson,17
Antonito,17
Bylas,17
Rancho Mirage,17
Richfield Springs,17
New Douglas,17
Oaks,17
West Blocton,17
Velva,17
Kunkletown,17
Middle Granville,17
Manistee,16
Benwood,16
Dresden,16
Agawam,16
Griggsville,16
Dillon Beach,16
East Wareham,16
Weirton,16
Wautoma,16
Kennedy,16
West River,16
Marstons Mills,16
Esmont,16
Prattsville,16
Merry Hill,16
Fort Calhoun,16
Mc Clave,16
Lacona,16
Webb,16
Harrells,16
Wagram,16
The Hills,16
Gassaway,16
Guyton,16
Stephens,16
Two Dot,16
Glenford,16
Lavallette,16
Olalla,16
Moffat,16
Mt Solon,16
Jewett,16
Marcell,16
Pearsall,16
Frazer,16
Goldthwaite,16
Hiddenite,16
Boomer,16
Opp,16
Hotchkiss,16
Markleton,16
Roberta,16
Deep Run,16
Braxton,16
Mayville,16
Idledale,16
Nebraska City,16
Hunter,16
Poplar,16
Port St Joe,16
Villard,16
Mooreton,16
Cowarts,16
Dover AFB,16
Lecompte,16
District 1,16
Ashdown,16
Westhampton,16
Ravalli,16
Walstonburg,16
East Bend,16
Beallsville,16
Sunapee,16
Lakota,16
Odon,16
Grovertown,16
Kohler,16
Schulenburg,16
Goodyears Bar,16
Sturgeon,16
Crabtree,16
Barker,16
Minonk,16
Osterville,16
San Angelo,16
Anthem,16
Cheverly,16
Watson,16
Brownwood,16
Lumber City,16
Mc Clellanville,16
Toppenish,16
Ruthton,16
Thayer,16
Elm Creek,16
Wildorado,16
Arco,16
Liberty Center,16
New Canton,16
Riga,16
Canal Fulton,16
Endeavor,16
Quaker Hill,16
Toponas,16
Granite,16
Atlanta-Decatur,16
Putnam Station,16
Ocilla,16
Monson,16
Fort Rucker,16
Rices Landing,16
Blackshear,16
Roopville,16
Marston,16
Ethelsville,16
Hubbardston,16
Lackawaxen,16
Cadet,16
East Branch,16
Kemah,16
Nederland,16
Prinsburg,16
Oyster Bay,16
Toddville,16
Sabin,16
Meshoppen,16
Park Hall,16
San Benito,16
Southold,16
Good Hope,16
Wylie,16
Lurgan,15
La Habra Heights,15
Big Bear Lake,15
Castalian Springs,15
Paint Rock,15
Cheneyville,15
Grygla,15
Neosho,15
Lickingville,15
Haxtun,15
Red Level,15
Lake Luzerne,15
Locust Hill,15
Del Norte,15
Chaffee,15
Skiatook,15
Belle Center,15
North Weymouth,15
Houghton Lake,15
Columbus Junction,15
Atascosa,15
Glenn Dale,15
Arcade,15
Ragland,15
Catasauqua,15
Moshannon,15
Gulliver,15
Shelocta,15
Bonne Terre,15
Othello,15
Harmans,15
Squaw Lake,15
Horseshoe Beach,15
Whitefield,15
Nickelsville,15
North Benton,15
Belhaven,15
Chesaning,15
Cartwright,15
Decorah,15
Parrott,15
Plainsboro,15
Argos,15
New Vienna,15
Spangler,15
Nicholls,15
Eagleville,15
Seaboard,15
St Paul,15
Marmaduke,15
Swatara,15
Lykens,15
La Sal,15
Wishon,15
Vanderbilt,15
Wylliesburg,15
Oelwein,15
McAlpin,15
Arona,15
Lyles,15
Lapel,15
Crest Hill,15
Gorham,15
Yazoo City,15
Henry,15
Dane,15
Leetonia,15
Odenville,15
Fountain Green,15
Clayville,15
Port Lavaca,15
Kerrville,15
Liberty Township,15
Lake Forest Park,15
Haysi,15
Vona,15
Spofford,15
Holts Summit,15
Pennock,15
Ogunquit,15
West Unity,15
Fountaintown,15
Lind,15
Glenelg,15
Sprague River,15
Hays,15
North Prince George,15
Atoka,15
Tellico Plains,15
East Canton,15
Justiceburg,15
Monroeton,15
Alplaus,15
Clallam Bay,15
Cadillac,15
Cincinnatus,15
Spring Green,15
Mc Lain,15
Gibsonburg,15
Santo Domingo Pueblo,15
Menoken,15
Illiopolis,15
Nunn,15
Otter,15
Mc Arthur,15
Burgess,15
Lake Lynn,15
Carrington,15
Middleburgh,15
Olney Springs,15
Rawlings,15
Ogdensburg,15
Colma,15
Mannsville,15
Oradell,15
Poulan,15
Mcallen,15
Marion Junction,15
Preble,15
Beaver Creek,15
Getzville,15
Belington,15
Truesdale,15
Marquette Heights,15
Huntingburg,15
Nekoosa,15
Culleoka,14
Weimar,14
Poseyville,14
Brookdale,14
Richford,14
Randlett,14
Swengel,14
Holliston,14
Burley,14
Beale AFB,14
Saltillo,14
Portageville,14
Burtrum,14
Dennis,14
Irondequoit,14
Tybee Island,14
Red House,14
Shokan,14
Cayuga,14
Saint Bonifacius,14
Coal Twp,14
Lottie,14
Austinburg,14
Blue Point,14
Pinetown,14
Magee,14
Commodore,14
Rock Port,14
Clearville,14
Alamogordo,14
Bruno,14
Williamsfield,14
Agency,14
Swiftwater,14
New England,14
Belle Isle,14
Griffith,14
Inkster,14
Lester,14
Indian Lake,14
Greenleaf,14
Newcomerstown,14
Tarrs,14
Jetmore,14
Byromville,14
Weldona,14
Iron City,14
Belfry,14
Red Cliff,14
Bosque,14
North El Dorado,14
Manito,14
Lake Powell,14
Industry,14
Pray,14
Neshanic Station,14
Sagle,14
McClure,14
Black Rock,14
Hoxie,14
North Easton,14
Sumerduck,14
Mascotte,14
Whitehouse,14
Tabiona,14
Dell,14
Fife Lake,14
Burnt Prairie,14
McCordsville,14
West Collingswood,14
Jackson Springs,14
Bernardston,14
Ohatchee,14
Farmland,14
Jenners,14
Sea Bright,14
Chilton,14
Drumore,14
Weott,14
Louisville Central,14
Nichols Hills,14
Zwingle,14
Hot Springs Village,14
Whiteriver,14
Maytown,14
Marlin,14
Doylesburg,14
Sturgeon Bay,14
Lyons Falls,14
Caddo Mills,14
Fromberg,14
Faucett,14
Royston,14
Keeling,14
Sanbornville,14
Port Bolivar,14
Holstein,14
Holliday,14
Fort Hood,14
Estill Springs,14
New Madrid,14
Owingsville,14
Navasota,14
Pembina,14
Hardyville,14
Wadley,14
Kelford,14
Teaticket,14
Leasburg,14
Nanjemoy,14
Shawmut,14
Shelburn,14
Runnells,14
Blanca,14
Fyffe,14
University Place,14
Belding,14
Closter,14
Carlock,14
Outing,14
Fordoche,14
Briones,14
Tuckasegee,14
Shelburne Falls,14
Hawk Run,14
Skull Valley,14
Kennard,14
Pine Grove Mills,14
Rising Fawn,14
Barnhill,14
Elbe,14
Howard City,14
Scott City,14
Beatrice,14
Anahuac,14
Tennyson,14
Sparkill,14
Valentine,14
Salkum,14
Sinnamahoning,14
Hayti,14
Ross,14
Woodgate,14
Dilley,13
Offutt AFB,13
Attapulgus,13
Grantsboro,13
Rochester Hills,13
Campbell Hall,13
Mt Ida,13
Morgan City,13
Mantoloking,13
Inkom,13
Saint Elmo,13
Rosebush,13
Connell,13
Fair Haven,13
Whitesburg,13
Wellsburg,13
Newaygo,13
Alexandria Bay,13
Ohio City,13
Waddy,13
Monte Sereno,13
Pavilion,13
Gifford,13
Hume,13
Seibert,13
Rehoboth,13
Swan,13
Munson,13
Glenbeulah,13
Dimmitt,13
New Madison,13
Gateway,13
Valley Ford,13
Springwater,13
Emerado,13
Coshocton,13
Glen Ridge,13
Lindsey,13
East Bernard,13
McIntyre,13
Brinklow,13
Walbridge,13
Ocean,13
Lamesa,13
Gobles,13
Worton,13
Topsham,13
Cohagen,13
Medfield,13
Groom,13
Wrens,13
Coral Springs-Margate,13
Chickamauga,13
Mills,13
Juneau,13
Sharpsville,13
D'Iberville,13
Blue Grass,13
La Grange Park,13
Artois,13
Spencertown,13
North Bangor,13
Frenchglen,13
Cleburne,13
Fountain Hill,13
Evart,13
Locust Valley,13
Portal,13
Tonica,13
Hampton Falls,13
Springville-Johnsondale,13
Reva,13
Daniels,13
Belpre,13
Reads Landing,13
Omer,13
Moses Lake,13
Sandy Creek,13
Warrensville,13
South Boardman,13
Timberlake,13
Lake Tapps,13
Welaka,13
Sciota,13
Frankenmuth,13
Great Valley,13
Coleman Falls,13
Loman,13
Okmulgee,13
Lucas,13
Rydal,13
Delphi,13
Hanover Township,13
Wood Lake,13
West Glacier,13
Matlacha,13
Rumney,13
Reedsburg,13
Winooski,13
Rudd,13
Goodridge,13
New Carrollton,13
Murray,13
Saxe,13
Holcombe,13
Prosser,13
Beggs,13
Stotts City,13
Kensett,13
Graytown,13
Barry,13
Glen Arm,13
Munfordville,13
Echola,13
Belfast,13
Lake Lure,13
Neville,13
Ossipee,13
Leon,13
Seminary,13
Great Mills,13
Vickery,13
East Liberty,13
Vineyard,13
Talbotton,13
Saint Mary,13
Hazlet Township,13
Simms,13
Larned,13
Bellbrook,13
Allport,13
Killeen,13
Dodge City,13
McRae,13
Cheboygan,13
Sadieville,13
Marlow,13
Valleyford,13
Rosalia,13
Dowelltown,13
Keewatin,13
Buncombe,13
Blandburg,13
Aliceville,13
Round Lake Park,13
Manitou Beach,13
Emmons,13
Ilion,12
Edgeley,12
Hesperus,12
Zortman,12
Uhrichsville,12
Pea Ridge,12
Jamieson,12
Ellicottville,12
Levan,12
Winamac,12
Los Lunas,12
Lempster,12
Sophia,12
Eldon,12
Fayette City,12
Mazomanie,12
Grandy,12
Essexville,12
Little Elm,12
Culbertson,12
Lytton,12
Baring,12
Bernardsville,12
Meansville,12
Leonard,12
Rock Spring,12
Port Hueneme,12
Pampa,12
Thackerville,12
South Prairie,12
Silver Star,12
Osyka,12
Mouth Of Wilson,12
Shonto,12
Martins Ferry,12
Woolwine,12
Shipman,12
Alpaugh,12
West Bloomfield,12
Clarkson,12
Newbern,12
Captiva,12
Perkinston,12
Kooskia,12
Blairsden-Graeagle,12
Rodman,12
Hughes,12
De Kalb,12
Cressona,12
Kiowa,12
Colby,12
Florida,12
Timpson,12
Trego,12
Nashport,12
Potsdam,12
Kabetogama,12
Scottville,12
Bloomer,12
Howland,12
Ochlocknee,12
Solomons,12
Branscomb,12
Pleasant Plain,12
Gallion,12
Schererville,12
Bemus Point,12
Spreckels,12
Copperhill,12
Burtchville,12
Menands,12
Forest Falls,12
Lonepine,12
Frazeysburg,12
Yellow Springs,12
Catlettsburg,12
Wise River,12
Canadensis,12
North Falmouth,12
Eastanollee,12
Muleshoe,12
Franklin Grove,12
Township Of Washington,12
Rye Brook,12
East Hampstead,12
Marco Island,12
Boles,12
Midland Park,12
Doerun,12
Bakers Mills,12
Kindred,12
Jamison,12
Lawsonville,12
Hildebran,12
Mound City,12
Oglethorpe,12
Belle Haven,12
Woolwich,12
Bunkie,12
Kalkaska,12
Linesville,12
Craigmont,12
Brackettville,12
Pine Bush,12
Carbon,12
Point Harbor,12
Wanaque,12
Edmore,12
Free Union,12
Oklaunion,12
Wickes,12
Mt Pleasant Mills,12
Chicora,12
Hopwood,12
Mathis,12
Avis,12
Rural Valley,12
Choudrant,12
Potter,12
Alstead,12
Crouse,12
Howardsville,12
Coweta,12
Sandy Spring,12
McRae-Helena,12
Sandown,12
Sloansville,12
Haddock,12
Rothschild,12
Lyndon,12
Varysburg,12
Brillion,12
Drayton,12
Union Beach,12
Lava Hot Springs,12
Corunna,12
Sault Sainte Marie,12
Hubert,12
West New York,12
Grand Rivers,12
Granbury,11
Glen Cove,11
Napanoch,11
Milanville,11
Mount Orab,11
Indian Shores,11
Steward,11
Weber City,11
Port Penn,11
West Brookfield,11
Gibbsboro,11
Adkins,11
Saxonburg,11
De Mossville,11
Ohiopyle,11
Oscoda,11
Porter Corners,11
Albrightsville,11
Gilmanton,11
Saranac Lake,11
Dierks,11
Aldan,11
Bloomsdale,11
Poplar Grove,11
Osburn,11
Nogales,11
Princeton Junction,11
Marblehead,11
Seale,11
Midway Park,11
Barton,11
Potts Camp,11
Tupper Lake,11
Provincetown,11
Interlaken,11
Elm Mott,11
Glen Hope,11
Geraldine,11
Pine Mountain Valley,11
Drasco,11
Mingo,11
Lecompton,11
Kuttawa,11
Mooreville,11
Ledbetter,11
Keezletown,11
Mildred,11
Comer,11
Windsor Hills,11
Mannford,11
Adamsburg,11
Albia,11
Pennsboro,11
Kathryn,11
Longboat Key,11
Aulander,11
Luke Air Force Base,11
Chenango Forks,11
Borrego Springs,11
Mt Jewett,11
Green Lake,11
Machipongo,11
Sekiu,11
Hornell,11
East Canaan,11
Hettinger,11
Peebles,11
Mc Rae Helena,11
Lavaca,11
Amado,11
Cecilton,11
Upper Falls,11
Leroy,11
Barco,11
Blocksburg,11
Brown City,11
Talala,11
Casar,11
Orono,11
Rudolph,11
New Millport,11
North Bloomfield,11
East Durham,11
Otley,11
Keansburg,11
South Orange,11
St Joe,11
Kellyton,11
Streetman,11
Yeehaw Junction,11
Cody,11
Dyer,11
Ulster,11
Pingree,11
Terryville,11
Camdenton,11
Accord,11
Lorena,11
Brush Creek,11
Andes,11
Larimore,11
Lake Orion,11
Hawesville,11
Hooks,11
Bonnie,11
Cyrus,11
Home,11
Montfort,11
Apple Creek,11
Tecate,11
Stone Creek,11
Lumber Bridge,11
Tigerton,11
Cumby,11
Cobbs Creek,11
Fostoria,11
Coolville,11
Kennett,11
Havelock,11
Greenough,11
St James City,11
Victorville-Hesperia,11
Birdsnest,11
Ralph,11
Rock Rapids,11
Chateaugay,11
Coal Valley,11
Auxvasse,11
Gildford,11
Muskogee,11
Glorieta,11
Rouseville,11
Bertrand,11
Judith Gap,11
Wolverine,11
Smoketown,11
San Acacia,11
Burt,11
Granite Springs,11
Krum,11
New Franken,11
Moorcroft,11
Snyder,11
Skamokawa,11
Hagerman,11
Waelder,11
Lockridge,11
Reardan,11
Sahuarita,11
Meigs,11
Alton Bay,11
Kinsale,11
Opdyke,11
Noxen,11
Gilman,11
Wedowee,11
Manchester Twp,11
Mogadore,11
Capon Bridge,11
Lemitar,11
Nocona,11
Hallowell,11
Columbus Grove,11
Reliance,11
Mccall,11
Tracy City,11
Delevan,11
Piermont,11
Redwood,11
Chinquapin,11
Purlear,11
Piffard,11
Horse Cave,11
Tullahoma,11
Treynor,11
Ullin,11
Johnston City,11
Musella,11
Horatio,11
Central Volusia,11
Sparrow Bush,11
Larwill,11
Corrigan,11
Rice Lake,11
Queen City,11
Polacca,11
Chadwicks,11
Kill Buck,11
Gillsville,11
Molt,11
Oreana,11
Peck,11
Inola,11
Cathedral City,11
Belvedere-Tiburon,11
Six Mile Run,11
Monessen,11
Alburgh,11
Webb City,10
Mount Ida,10
Cammal,10
Desdemona,10
Bulverde,10
Fithian,10
Wapato,10
Gwinner,10
Port Henry,10
Machias,10
Cornish,10
Como,10
Locust Gap,10
Bertha,10
Savona,10
Cross Fork,10
Elmora,10
Millboro,10
Southwest Ranches,10
Chunky,10
Brilliant,10
Conneaut Lake,10
Claude,10
Charlevoix,10
Hanford Site,10
Cedar Lake,10
Rogers City,10
Orfordville,10
Lineville,10
West Townsend,10
Wagarville,10
Bear Creek Township,10
Luke,10
Powers,10
Babson Park,10
Rollingstone,10
Cash,10
Rainelle,10
Thorn Hill,10
Bucklin,10
Chauvin,10
Mckinney,10
Bandy,10
Hopatcong,10
Point Pleasant Boro,10
Massena,10
Glades,10
Silverhill,10
South Milwaukee,10
Sioux Center,10
Karnes City,10
Setauket,10
Cornell,10
Gahanna,10
South Colton,10
Mcconnelsville,10
Irma,10
Portville,10
Wolfeboro,10
Newborn,10
Bardstown,10
Jacobus,10
Poplar Branch,10
Poncha Springs,10
North Westside,10
Elsinore,10
Davis City,10
Marinette,10
Epworth,10
Hales Corners,10
Rio,10
Pantego,10
Mayfield,10
Darien Center,10
Pauls Valley,10
Glassport,10
Rainsville,10
Bourg,10
Silverpeak,10
White Bird,10
Swan Valley,10
Pierceton,10
Lampasas,10
Arvilla,10
High Bridge,10
Teachey,10
Braman,10
Pentwater,10
Los Fresnos,10
Bergton,10
Bargersville,10
Rhome,10
Bean Station,10
Bremond,10
Western Grove,10
Manville,10
Wilmore,10
Intercession City,10
Rivesville,10
Hickory Flat,10
Sylvan Beach,10
Springer,10
Mt Hermon,10
Kresgeville,10
Green Mountain Falls,10
Rail Road Flat,10
Chappell,10
Fouke,10
Hartsfield,10
Township 1 Charlotte,10
Eunice,10
Orlinda,10
Clintondale,10
Neihart,10
Kosciusko,10
Wynne,10
Allison,10
Yellville,10
Melcroft,10
Adah,10
Van,10
Skokomish Nation,10
Mccleary,10
Decker,10
Shelburne,10
Adams Center,10
Park Falls,10
Maurice,10
Macclesfield,10
Okemah,10
Callicoon,10
Savoy,10
Sound Beach,10
Mouth of Wilson,10
Great Barrington,10
West Green,10
Mt Holly Springs,10
Wahpeton,10
Luthersville,10
Stroud,10
Old Monroe,10
Dunnell,10
Haysville,10
Equality,10
South Bloomfield,10
Brierfield,10
Circle,10
Fort Yates,10
Jersey Village,10
Rio Grande City,10
Cashion,10
Thatcher,10
Parksville,10
South Royalton,10
Darrington,10
Phenix,10
Holdrege,10
Sandy Level,10
Poquoson,10
Hillsgrove,10
Murtaugh,10
Custer City,10
Oldtown,10
South Prince George,10
Sumerco,10
Altheimer,10
Ennice,10
Copake,10
Sundance,10
Streator,10
Gates Mills,10
Boyd,10
Lulu,10
Keedysville,10
Harshaw,10
Grangeville,10
Wamego,10
Ryan,10
Coachella,10
Kinmundy,10
Mondovi,10
Forest Knolls,10
West Seneca,10
Gowen,10
Karns City,10
Walla Walla,10
Benton City,10
Centerport,10
Dyke,10
Lenore,10
Scipio Center,10
Biggers,10
Kalona,10
Ballard,10
Sheffield Village,10
White Bluff,10
Flomaton,10
Boscawen,10
Bruneau,10
Hollandale,10
Natural Bridge Station,10
Everton,10
Graford,10
Calico Rock,10
Terre Hill,10
Orondo,10
Kentwood,10
East Wenatchee,10
Hoagland,10
Waves,10
Mc Gehee,9
Big Rock,9
Farmersburg,9
Greenbank,9
Easthampton,9
Maribel,9
Wallis,9
Seneca Rocks,9
Port Tobacco,9
Harbinger,9
East Brookfield,9
Goodwater,9
Old Bethpage,9
Reunion,9
West Burlington,9
Stryker,9
Kenvil,9
Hall,9
Tularosa,9
Lingle,9
Jenkins,9
Cherryvale,9
Parshall,9
Free Soil,9
Belsano,9
Nunda,9
Ramey,9
Grand View,9
Rittman,9
Erving,9
Brownsdale,9
Vaiden,9
Rosburg,9
Washingtonville,9
Sumiton,9
Constable,9
Saltville,9
South Wales,9
Mt Croghan,9
Scaly Mountain,9
Fort Madison,9
Penn Yan,9
Acushnet,9
New Creek,9
Clemons,9
Grover Beach,9
Cunningham,9
Addyston,9
Willoughby Hills,9
Allenstown,9
Oologah,9
Sand Coulee,9
Tensed,9
Inez,9
Mc Allister,9
Muscadine,9
Blairs Mills,9
Arverne,9
East Marion,9
Cherry Log,9
Norman Park,9
Kenmore,9
Danforth,9
Richton,9
Staffordsville,9
Coyanosa,9
Cataula,9
Thrall,9
Norton Shores,9
Basom,9
Stoutsville,9
Panhandle,9
Martinsdale,9
Pavo,9
Giddings,9
Shawboro,9
Wheatley Heights,9
Tropic,9
Okolona,9
Alger,9
Owosso,9
New Germantown,9
Lookout Mountain,9
Catherine,9
Demopolis,9
Cuyama,9
Glen Aubrey,9
Harwich Port,9
Renfrew,9
Rohrersville,9
Laurys Station,9
Comstock,9
Casnovia,9
Corbin City,9
North Stratford,9
Christine,9
Orange Springs,9
Myrtle,9
Anton Chico,9
Russiaville,9
Rio Rico,9
Wallisville,9
Belle Chasse,9
Old Tappan,9
Casselton,9
Ancramdale,9
Wilmot,9
Sebree,9
Sunset Beach,9
Ladora,9
Witter,9
Penllyn,9
Aragon,9
Loyalhanna,9
Townshend,9
Swayzee,9
Washington Crossing,9
Hydes,9
Enigma,9
Wales,9
Wever,9
Wellersburg,9
Effort,9
Upatoi,9
Huttonsville,9
Malakoff,9
Cowansville,9
Colville,9
Reidville,9
Massey,9
Briggsdale,9
Cheyenne Wells,9
Lusk,9
Yermo,9
Byesville,9
Antwerp,9
Harrellsville,9
Meade,9
Francesville,9
Villas,9
Ramah,9
Fenelton,9
Bejou,9
Moraga,9
Orwell,9
Rotan,9
Wapello,9
Ladysmith,9
Sweeny,9
Mount Lookout,9
Macksburg,9
Coahoma,9
Black Earth,9
Prague,9
Constableville,9
Cuddebackville,9
Galien,9
Buckhannon,9
Pangburn,9
Little Hocking,9
Baileys Harbor,9
Rockdale,9
Goodwin,9
Palo,9
Paulina,9
Mongaup Valley,9
Nordland,9
Falfurrias,9
Carpentersville,9
Shadyside,9
Woodway,9
Sauk City,9
Orofino,9
Highland Heights,9
Mount Victory,9
Venetia,9
Flint Hill,9
Axtell,9
Ambrose,9
El Campo,9
Edmeston,9
Woodleaf,9
Walthill,9
Cooperstown,9
Goodman,9
Mineral Ridge,9
Pipersville,9
Nora Springs,9
Winneconne,9
Masontown,9
Rio Nido,9
Gilmanton Iron Works,9
North Pekin,9
Levelland,9
Tawas City,9
Wawaka,9
Rollinsville,9
Humeston,9
Ponsford,9
Dana,9
Chassell,8
Ivins,8
Cumberland City,8
Granville Summit,8
Huntly,8
North Hartland,8
Fryeburg,8
Bristolville,8
Neversink,8
Idalia,8
Cheektowaga,8
Evensville,8
Ten Mile,8
Kouts,8
East Palestine,8
Lake Waccamaw,8
Jones Mills,8
Rock Valley,8
Shoshoni,8
Grambling,8
North Branford,8
Silvis,8
Emelle,8
Elk Park,8
Stephenville,8
Robertsville,8
Colwich,8
Lairdsville,8
Cuba City,8
Greybull,8
Tolono,8
Cullen,8
Statenville,8
Montchanin,8
Whitelaw,8
Battlefield,8
Louisville South,8
Kinsey,8
Sagaponack,8
Thornwood,8
Saint Helen,8
Loudonville,8
Montour,8
Port Arthur,8
Riviera,8
Grant Park,8
Mantachie,8
Pritchett,8
Pomfret,8
Blissfield,8
Sagamore Beach,8
Wink,8
Grays River,8
Holderness,8
Hiwasse,8
Herminie,8
University Heights,8
Enderlin,8
Rackerby,8
Steilacoom,8
Port Ewen,8
Muskego,8
Ormsby,8
Rocky Face,8
Otego,8
Essex Junction,8
Strykersville,8
Rupert,8
Hartsburg,8
Ceresco,8
Anaheim-Santa Ana-Garden Grove,8
Bear Lake,8
Bruce Twp,8
Paragon,8
Grassy Creek,8
Joshua,8
Readstown,8
Daniel Island,8
Belford,8
Byram Township,8
Pinckney,8
East San Gabriel Valley,8
Strunk,8
Glenpool,8
Granton,8
Kanorado,8
Hurdle Mills,8
Pequannock,8
Deal Island,8
Middlebrook,8
Elkader,8
Bay Head,8
Roachdale,8
Grindstone,8
Kewadin,8
Potosi,8
Oakham,8
Guysville,8
Lakeshore,8
Spartansburg,8
Jacksons Gap,8
Eagles Mere,8
Hiawassee,8
Archdale,8
Byrnedale,8
Farley,8
Pleasant Plains,8
St Croix,8
Amidon,8
Chanute,8
Clarks Mills,8
Summertown,8
Dozier,8
Belen,8
New Lexington,8
Bahama,8
Hydro,8
Cumberland Center,8
Boiceville,8
Thermal,8
Iron River,8
Marion Center,8
Patoka,8
Saint Meinrad,8
Plummer,8
Bloomington Springs,8
Denio,8
Ravendale,8
Dafter,8
Lake Hiawatha,8
Mt Prospect,8
Hernandez,8
Eddington,8
La Place,8
Packwood,8
Point Of Rocks,8
Lytle,8
Linn,8
Center Harbor,8
Polebridge,8
Colo,8
Turin,8
Brewer,8
Uvalda,8
Chancellor,8
Secane,8
Sunderland,8
Peconic,8
Dry Run,8
Currituck,8
Sultana,8
Salyersville,8
Luttrell,8
Tolovana Park,8
Sweet Valley,8
Bergholz,8
Lolita,8
Sherborn,8
Avery,8
Owensville,8
Ho-Ho-Kus,8
Keyser,8
Killbuck,8
Pine Hall,8
Vonore,8
West Adams,8
Hysham,8
Zion Crossroads,8
Weldon Spring,8
Krotz Springs,8
Fort Oglethorpe,8
Bunn,8
Waleska,8
Fairlawn,8
Prosper,8
Cheyney,8
Coon Rapids,8
Kempton,8
Churchton,8
Gamaliel,8
Monarch,8
Fort Blackmore,8
Mt Hope,8
Cooper City,8
Barnardsville,8
Jacksonboro,8
Saint Johnsville,8
Huntland,8
Cedarburg,8
Two Harbors,8
Eagle River,8
Quogue,8
Byrdstown,8
Wannaska,8
Spring Branch,8
Minto,8
Medicine Lodge,8
Finland,8
Mabank,8
Travis AFB,8
Halliday,8
National Stock Yards,8
Washburn,8
Walland,8
Hobucken,8
Fisher,8
Winterset,8
Arkdale,8
Simla,8
Hico,8
Twin Lake,8
Luxemburg,8
Errol,8
North Lawrence,8
Cofield,8
West Portsmouth,8
Cadott,8
Channing,8
Kingsbury,8
Red Creek,8
Schenevus,8
Swampscott,8
Tignall,8
Yankeetown,8
Alverton,8
Knightsen,8
Soap Lake,8
Centerbrook,8
Brant Lake,8
Forest Home,8
Wabbaseka,8
Cropwell,8
New Russia,8
Brightwaters,8
Bowmansville,8
West Kingston,8
Bluffs,8
Mt Pocono,8
Pacific Beach,8
Kents Store,8
Mount Judea,8
Eleva,8
Bermuda,8
Stinnett,8
Drifting,8
Castile,8
Carterville,8
Tompkinsville,8
Wendel,8
Royal,8
St Mary,8
Benezett,8
Gig Harbor Peninsula,8
South Jefferson,8
Hanlontown,8
Hortense,8
Golden Meadow,8
Winburne,8
East Freetown,8
Pateros,8
Amite,8
Nellysford,8
Leary,8
Vian,8
Oceanport,8
Sugar City,8
Hatley,8
Salesville,8
Loraine,8
Wolcottville,8
Westby,7
Kenton,7
Oldfort,7
Juliaetta,7
Crozier,7
Milesburg,7
Ebony,7
Wayne City,7
Richgrove,7
Amazonia,7
Avalon,7
Masonville,7
New Matamoras,7
Ilwaco,7
Somersworth,7
Ottsville,7
Hookerton,7
Marthasville,7
Hyampom,7
Zanesfield,7
South Berwick,7
Lake Sherwood,7
Meadows Of Dan,7
Wall,7
Overbrook,7
Pitman,7
Postville,7
Saint Jo,7
Ashburnham,7
Checotah,7
Superior city,7
Thomasboro,7
Red Rock,7
Chickasaw,7
Startex,7
Transfer,7
Duck,7
Harrold,7
Bantam,7
Cannonville,7
Anatone,7
Tuckerman,7
Sequoia National Park,7
Alder Creek,7
West Dover,7
Murrayville,7
Center Ossipee,7
Minneota,7
West Paducah,7
Mc Carley,7
Ohkay Owingeh,7
Deridder,7
Bluff City,7
Dante,7
Trowbridge,7
Lucan,7
Embudo,7
Anna Maria,7
Alda,7
Tennessee Colony,7
Woodstock Valley,7
West Baden Springs,7
Gilmer,7
Ishpeming,7
Calamus,7
Francestown,7
Cocoa-Rockledge,7
Turtle Lake,7
Wood River Junction,7
Boyes,7
Mill Run,7
Idalou,7
Rumford,7
Kendall,7
Rosholt,7
Mercedes,7
Hazle Township,7
Burlington Junction,7
White Cloud,7
Placida,7
Force,7
Walters,7
Tuttle,7
Acoma,7
La Feria,7
Dennehotso,7
Marlette,7
Sierra Madre,7
Chaparral,7
Fryburg,7
Twining,7
Pamplin City,7
Goodland,7
Bonfield,7
Wonder Lake,7
Millport,7
Alice,7
Delphos,7
Hanoverton,7
Mc Dowell,7
Iberia,7
North Java,7
Indian Head Park,7
Solon Springs,7
Wind Ridge,7
Amana,7
Algona,7
South Yakima,7
Milnor,7
Humnoke,7
Westernport,7
Henrieville,7
Taos,7
Sunburst,7
Carpio,7
Arimo,7
Whatley,7
Weyerhaeuser,7
Dry Ridge,7
Calvert City,7
Wisner,7
Bee Branch,7
Keizer,7
Duck River,7
Fort Campbell,7
Lanse,7
Upper Saddle River,7
New Era,7
Northford,7
Cocolalla,7
Schaller,7
Moss,7
Kenmare,7
Mountain Lakes,7
Readlyn,7
Nags Head,7
Worley,7
Frankston,7
Zillah,7
Langdon,7
Whitewright,7
Burkburnett,7
Birnamwood,7
Acra,7
Ola,7
Prichard,7
Cecilia,7
East Millsboro,7
Mineral City,7
Bel Alton,7
Emden,7
Vardaman,7
Valley View,7
Mcclusky,7
Salisbury Mills,7
West Hatfield,7
Arnegard,7
Owenton,7
Sparkman,7
Morrisonville,7
Cedar,7
McClave,7
Tall Timbers,7
Maybell,7
Scottsbluff,7
Kiester,7
Rockbridge Baths,7
Deputy,7
Brodhead,7
Moorefield,7
Dolgeville,7
Greenback,7
Vinita,7
Mannington,7
Galena Park,7
Whitingham,7
Henniker,7
Portales,7
Creekside,7
Boutte,7
Lizella,7
Ashuelot,7
Elk Falls,7
Oneals,7
South Fallsburg,7
Lengby,7
Rising Star,7
Clipper Mills,7
Plentywood,7
Martin City,7
Berkey,7
Albert City,7
Rogerson,7
Walls,7
Rudyard,7
Menard,7
Hallsboro,7
Tunica,7
Jean,7
Fortville,7
Mt Hamilton,7
Negaunee,7
Houlton,7
Talpa,7
Lithopolis,7
Caddo,7
Yosemite National Park,7
Rocky Comfort,7
Ste Genevieve,7
Pahokee,7
Skipperville,7
Swaledale,7
Altus,7
Highlandville,7
Nixa,7
Mitchells,7
Tate,7
Pierce,7
Humptulips,7
Rock Hall,7
Colora,7
Hidden Hills,7
Repton,7
Neptune Beach,7
Hardwick,7
Walsh,7
Port Monmouth,7
Bowerston,7
Cape Carteret,7
West Sayville,7
Donalsonville,7
Arundel,7
Midkiff,7
Raymondville,7
Romney,7
Hop Bottom,7
Sears,7
Wisdom,7
Warden,7
Mayodan,7
Damon,7
East Longmeadow,7
Mulhall,7
Bondville,7
Redington Beach,7
West Simsbury,7
Peetz,7
Whitinsville,7
Hilger,7
Sandy Lake,7
Cohocton,7
Ulm,7
Flintville,7
Belle Mead,7
Jemez Springs,7
Lanoka Harbor,7
Hospers,7
Matheson,7
Viroqua,7
Millstadt,7
Childwold,7
Lopez,7
Intercourse,7
Storden,7
Reeder,7
Saint Johnsbury,7
Hungry Horse,7
Huguenot,7
Monona,7
Grove Hill,7
Sherburne,7
Shorterville,7
Henagar,7
Eland,7
Amanda Park,7
Fombell,7
Shreve,7
Mammoth,7
Haledon,7
Chickasha,7
West Kill,7
Carp Lake,7
Ellison Bay,7
Caddo Gap,7
Melba,7
Flossmoor,7
Lake Benton,7
Cleveland Heights,7
Crumpler,7
Lyndonville,7
Preston Hollow,7
High Falls,7
Salvo,7
Wakpala,7
Ardara,7
Dickens,7
Wadesville,7
Fort Johnson,7
Maine,7
Wainscott,7
Weeping Water,6
Kerrick,6
College Corner,6
Camp Dennison,6
District 18 Seat Pleasant,6
Platte,6
Gilberton,6
Pinetop,6
Shunk,6
Landis,6
Lemont Furnace,6
Hobgood,6
Donnelly,6
Red Banks,6
Weleetka,6
Ernul,6
Pall Mall,6
Mumford,6
Colon,6
Quemado,6
Crivitz,6
Pickrell,6
Beckville,6
Springs,6
Cloudcroft,6
Mt Lookout,6
Pencil Bluff,6
Chouteau,6
Chetek,6
Markle,6
Benbrook,6
Ty Ty,6
Hearne,6
Mendham,6
Eckley,6
Grenville,6
Verona Beach,6
Ivoryton,6
Margaretville,6
Senecaville,6
District 12 Oxon Hill,6
Seaview,6
Crossroads,6
East Hazel Crest,6
Shamrock,6
Wilmerding,6
Wernersville,6
Speonk,6
Natchitoches,6
Stewarts Point,6
East Ellijay,6
Center Ridge,6
Belle Fourche,6
Indian Orchard,6
Britton,6
Koppel,6
Vallonia,6
Spring Brook Township,6
Elmhurst Township,6
Vergennes,6
Dodge,6
Wilkesville,6
Fort Scott,6
Pinckneyville,6
Lake Suzy,6
Dillard,6
Sea Girt,6
Bruce,6
Reese,6
Bethalto,6
Alexis,6
Lyndeborough,6
Blue Mounds,6
Almyra,6
El Macero,6
Wing,6
Gerton,6
Eckerty,6
Harker Heights,6
Mica,6
Sandyston,6
Toone,6
Upsala,6
Oden,6
Goldsmith,6
Hometown,6
West Finley,6
Aguila,6
Gilsum,6
Isle Of Palms,6
Antimony,6
East Kingston,6
Mackinaw City,6
Curtice,6
Momence,6
Port Hadlock,6
Hertel,6
Argenta,6
Red Bud,6
Harrington Park,6
Beeville,6
Jessieville,6
Vega,6
Lansford,6
Sullivans Island,6
Burdett,6
Knob Noster,6
Nemaha,6
East Williston,6
Ranchos de Taos,6
Felts Mills,6
Lobelville,6
Tohatchi,6
Peterman,6
Mt Wolf,6
Random Lake,6
Sulphur Springs,6
Benedict,6
Otter Lake,6
North Granby,6
Dennard,6
Annawan,6
Brawley,6
Burna,6
Mountain,6
Faulkner,6
Pleasant Unity,6
Niagara,6
Leavittsburg,6
St Meinrad,6
Gloster,6
Tyro,6
Moran,6
Leitchfield,6
Grassy Meadows,6
Lake Leelanau,6
Bacliff,6
Selah,6
East Brady,6
Prairie du Sac,6
Childersburg,6
Upper Black Eddy,6
McCrory,6
Black Oak,6
Canisteo,6
Marcus,6
East Jordan,6
Gambier,6
Saint Xavier,6
Rusk,6
Wahoo,6
Mosca,6
Criders,6
Leverett,6
Pleasant City,6
Marblehill,6
Pilot Grove,6
Secretary,6
Bearcreek,6
Indian Creek,6
Weatogue,6
Mine Hill,6
Little Valley,6
Hernshaw,6
Hansford,6
Childress,6
Buffalo Mills,6
Rockwell City,6
Ocean Ridge,6
Donaldsonville,6
Saint Paris,6
Furlong,6
Bloomburg,6
Gouverneur,6
Alfred Station,6
Rawson,6
Tatum,6
Sarahsville,6
Glenburn,6
Federal Way-Auburn,6
Maize,6
Greenbush,6
Elbert,6
Big Oak Flat,6
Salvisa,6
Larose,6
Young Harris,6
Corral,6
McPherson,6
Prairie Grove,6
Springhill,6
Rabun Gap,6
Copenhagen,6
BWI Airport,6
Horizon City,6
Holdingford,6
Wood-Ridge,6
Parkston,6
South Chatham,6
River Grove,6
Trotwood,6
Grosse Pointe,6
Runge,6
Coxs Creek,6
Coulee City,6
Dulce,6
Lebo,6
Honor,6
Woolrich,6
Park Forest,6
Chrisney,6
Ellerslie,6
Archer City,6
Carbonado,6
Alleghany,6
Cabool,6
Bar Harbor,6
Berkshire,6
King and Queen Court House,6
Walled Lake,6
Kinard,6
Loch Sheldrake,6
Seaside Park,6
Felda,6
Sewanee,6
West Sunbury,6
Brier,6
Barnstable,6
Chincoteague,6
Mount Carroll,6
Lanark,6
Wesley,6
Glenarden,6
Playa Del Rey,6
Daviston,6
Palm Beach,6
Hanna City,6
Dugger,6
Frierson,6
Abrams,6
Falconer,6
Shippingport,6
Mccloud,6
Feeding Hills,6
Oaktown,6
Stittville,6
Belmond,6
Cerro Gordo,6
Crane,6
Bock,6
Pana,6
Horse Shoe,6
Dewy Rose,6
Lesage,6
Herman,6
Stirling,6
Arapahoe,6
South Mills,6
Wardensville,6
Hurdsfield,6
San Lucas,6
Wadmalaw Island,6
New Augusta,6
La Grange Highlands,6
Shabbona,6
Chimayo,6
Deep Gap,6
Hemphill,6
Stonewall,6
East Tawas,6
Portia,6
Phil Campbell,6
Arcadia West,6
Mascot,6
Kinnelon,6
Township 12 Paw Creek,6
Oil Trough,6
Canyondam,6
Magazine,6
Broad Channel,6
Floydada,6
Meadow Valley,6
Chocorua,6
Hilbert,6
Hondo,6
Romeo,6
Kykotsmovi Village,6
Kremlin,6
New Eagle,6
Hookstown,6
Sheep Ranch,6
Shaw AFB,6
Hackleburg,6
Ney,6
Bennet,6
Weiner,6
Salineville,6
Cashton,6
Sheppton,6
Merrillan,6
Reedy,6
Windthorst,6
Kamiah,6
Valley Grande,6
Smicksburg,6
Barron,6
Waukon,6
South El Dorado,6
Mackay,6
Wapwallopen,6
Huachuca City,6
Pittstown,6
Pattonsburg,6
Alfred,6
Pope,6
Royal Palm Beach-West Jupiter,6
Fishertown,6
Carrizozo,6
Three Lakes,6
Phillips,6
Hamshire,6
Sabula,6
Andreas,6
Pontotoc,6
Ellenburg Depot,6
Potlatch,6
Elmwood,6
Bertram,6
Schofield,6
Cashmere,6
Felicity,6
Satartia,6
Mount Ayr,6
Bridport,6
Mulliken,6
Fort Hill,6
Nowata,6
Nickerson,6
Swanquarter,6
Neosho Rapids,6
Hartley,6
Saint Leonard,5
Coon Valley,5
South China,5
Union Church,5
Alleman,5
Rayland,5
New Auburn,5
Bly,5
Eastford,5
Paupack,5
Powhatan Point,5
Trent,5
Mediapolis,5
Parkin,5
Semora,5
Cochecton,5
Gully,5
South Gibson,5
Parkdale,5
Crary,5
Mc Grady,5
Palenville,5
Ono,5
Wilbur,5
Castle Pines,5
Minburn,5
Saint Francisville,5
Hill,5
Valles Mines,5
Colrain,5
Surrey,5
Barnstead,5
Bernard,5
Toronto,5
Harwick,5
North Rose,5
East Newark,5
Eagle Grove,5
District F,5
Davenport Center,5
Canon,5
Jolley,5
Kinross,5
Burr Oak,5
Parkman,5
Tie Siding,5
Sallisaw,5
Demarest,5
Scituate,5
Bardwell,5
Mesick,5
Onsted,5
New Waterford,5
Lake In The Hills,5
Devine,5
Gaylordsville,5
Longcreek,5
Cokeville,5
Hermann,5
Robstown,5
Ocotillo,5
Strawberry Point,5
Camp Lejeune,5
Delaware City,5
Laurel Fork,5
Mashantucket,5
Wallington,5
Voltaire,5
Clarington,5
House Creek,5
Sea Cliff,5
Powers Lake,5
Touchet,5
Mecca,5
Odem,5
East Leroy,5
Boylston,5
Southbridge,5
Tonasket,5
El Centro,5
Cave-in-Rock,5
Leopolis,5
North Middletown,5
New Braintree,5
Glade Valley,5
Springlake,5
Leck Kill,5
De Leon,5
Scotland,5
Sheppard AFB,5
Barton City,5
Thermopolis,5
Smithboro,5
Randolph Center,5
Maceo,5
Pecatonica,5
Lewis,5
Yorklyn,5
Broxton,5
Ladoga,5
Earleton,5
Lander,5
Hendricks,5
Cape Fair,5
North Whidbey Island,5
Axson,5
Paige,5
Stone Park,5
Millis,5
Sierra Vista,5
Tombstone,5
Long Island,5
Glen Lyn,5
Darfur,5
Ralston,5
Gatzke,5
Roca,5
Barksdale,5
Natalia,5
Zephyr,5
Montalba,5
Rainbow City,5
McLoud,5
White Hills,5
Fircrest,5
Wagoner,5
McAlester,5
West Salisbury,5
Springtown,5
Scobey,5
Godfrey,5
Hudson Oaks,5
Copley,5
Waitsburg,5
Tonkawa,5
Minersville,5
Grannis,5
Orford,5
Meridale,5
Dunmore,5
Travis Air Force Base,5
Avilla,5
Mount Tabor,5
Cresskill,5
Colstrip,5
Assawoman,5
Comfrey,5
Drumright,5
Moville,5
Northeast Jefferson,5
Wausaukee,5
Ekron,5
Holmes Beach,5
Mexico Beach,5
Terrace Park,5
Irwinton,5
Morley,5
Wimberley,5
Mt Orab,5
Bryce Canyon City,5
Oak Bay-Port Ludlow,5
Toutle,5
Coffeeville,5
Newport Center,5
Bentonia,5
Mi-Wuk Village,5
Cable,5
Bell Buckle,5
Blakesburg,5
Alta Vista,5
Sterling City,5
North Penobscot,5
Grawn,5
Kimbolton,5
Gowrie,5
Bauxite,5
Grove,5
Canadian,5
Blanco,5
Klingerstown,5
Coolspring,5
Beresford,5
Brenham,5
Pennville,5
Jacumba,5
Alburtis,5
Elk Garden,5
North Dighton,5
Darragh,5
Colgate,5
Salt Rock,5
Amherst Junction,5
May,5
Telluride,5
Normandy Park,5
Lake Junaluska,5
Bainville,5
North Redington Beach,5
Meadows Place,5
Second Mesa,5
South Solon,5
Rockfall,5
Jewell Ridge,5
Daingerfield,5
Benzonia,5
Hubertus,5
Hartville,5
Carefree,5
Beattyville,5
Langtry,5
Gonvick,5
Gandeeville,5
New Weston,5
Fallsburg,5
Cibolo,5
Wenatchee,5
Olive,5
Mccomb,5
West Chazy,5
David City,5
Bidwell,5
Prairie Du Sac,5
Muscoda,5
Long Key,5
South Fulton,5
Garwood,5
Hersey,5
Ravenden,5
Summit Point,5
Nahant,5
Jefferson Township,5
Church Point,5
Jakin,5
Amery,5
Lindley,5
Bowler,5
Walnut Shade,5
Lamoille,5
Pachuta,5
North Palm Springs,5
Shaw Afb,5
Aniwa,5
East Springfield,5
Tetonia,5
Canandaigua,5
Sweet Water,5
Marine on Saint Croix,5
Otto,5
Enid,5
St. Marys,5
Asher,5
Willow Park,5
Elwell,5
De Queen,5
Rickman,5
Sharon Springs,5
South Daytona,5
Redington Shores,5
Ronceverte,5
South Hamilton,5
Violet,5
Shawville,5
Jerseyville,5
Big Cabin,5
Mc Intyre,5
Foxburg,5
Trimble,5
Richland Center,5
Fairmount Heights,5
Mc Dermott,5
Fort Irwin,5
Nahunta,5
Rising City,5
Gackle,5
Sale City,5
West Townshend,5
Barren Springs,5
Gabbs,5
Okarche,5
Rugby,5
Pigeon Forge,5
Garnerville,5
Lachine,5
Mount Washington,5
Allenhurst,5
Fort Knox,5
West Hazleton,5
Menominee,5
Glen Morgan,5
Auburntown,5
West Haverstraw,5
Yardley,5
Amador City,5
Moxee,5
Little Suamico,5
Tickfaw,5
Curtiss,5
Groves,5
Davis Junction,5
Zavalla,5
Bayard,5
St Stephens Church,5
Fishtail,5
Olympia Fields,5
Tierra Amarilla,5
White Sands Missile Range,5
Tornillo,5
Frisco City,5
Neligh,5
Worthville,5
Rhodes,5
Hudgins,5
La Fargeville,5
Rayle,5
Water View,5
Dunbarton,5
Midville,5
Vader,5
De Borgia,5
Milldale,5
East Meredith,5
Estancia,5
Peshtigo,5
Penn,5
Marquette,5
Kewaskum,5
Abernathy,5
Brainard,5
Leoma,5
Simsboro,5
Redvale,5
Stanberry,5
East Carondelet,5
Labadie,5
Smyrna Mills,5
Kulm,5
Heilwood,5
Armstrong,5
Scott Township,5
Mart,5
Drummonds,5
Licking,5
Mount Nebo,5
Kirby,5
Campbellsville,5
Little Birch,5
Haines Falls,5
Berwyn Heights,5
Waynesfield,5
Southwick,5
Cobalt,5
Earling,5
Palatine Bridge,5
Singers Glen,5
Prairie du Chien,5
Lakemont,5
Gleason,5
Seaman,5
Helen,5
East Alton,5
Rembrandt,5
Bloomville,5
Maud,5
Bussey,5
Bradley Beach,5
Swifton,5
Adair Village,5
Mt Sinai,5
Pe Ell,5
Aurelia,5
Essig,5
Manistique,5
Marsing,5
Roxana,5
Lillian,5
Upper,5
McCall,5
South Abington Township,5
Ethridge,5
Hollis Center,5
Center Sandwich,5
Suring,5
Rienzi,5
Ackworth,4
Ophir,4
Stanchfield,4
Neshkoro,4
Savanna,4
Boggstown,4
Masury,4
Odebolt,4
Carter Lake,4
Lake Arthur,4
Chili,4
Colt,4
Hauser,4
Limington,4
North Mono,4
Ossineke,4
Alto Pass,4
Gilson,4
La Motte,4
Kemp,4
Northbridge,4
Blue Mountain,4
Sigourney,4
Johnson,4
Faunsdale,4
Maiden Rock,4
East Shasta,4
French Lick,4
Ettrick,4
Kemmerer,4
Pilot Point,4
Saint Landry,4
Baldwinville,4
Una,4
Dickinson Center,4
Neodesha,4
Maidsville,4
Ralls,4
Grapeland,4
Estherville,4
Fairbanks,4
Tishomingo,4
Saint Joe,4
Chaumont,4
Cazenovia,4
North Walpole,4
Yale,4
McGehee,4
Cayuta,4
Gormania,4
Houstonia,4
Mooreland,4
Holmen,4
Salunga,4
Royalston,4
Shartlesville,4
Leamington,4
Peach Springs,4
Newdale,4
South Otselic,4
Jemez Pueblo,4
Table Rock,4
Solgohachia,4
Edmonton,4
Calcium,4
Costilla,4
Boca Ciega,4
Pemberville,4
Panaca,4
Terra Alta,4
White Deer,4
Vandiver,4
Forkland,4
Mullin,4
Newell,4
Bivins,4
Saint Ansgar,4
Speedwell,4
River Ranch,4
Mont Vernon,4
Bannockburn,4
Deer,4
Wittman,4
Longport,4
Keatchie,4
Green Mountain,4
Branson,4
La Joya,4
Moscow Mills,4
Bethany Beach,4
Puryear,4
Grand Marais,4
Medon,4
Dubberly,4
Eagle Pass,4
Vevay,4
Saint Croix Falls,4
Riegelsville,4
Madbury,4
Virden,4
Doon,4
Pocono Pines,4
Welton,4
Prentice,4
Delton,4
Greenfield Park,4
Ozona,4
Sagamore,4
Stirum,4
Vichy,4
Lancing,4
Bagdad,4
Winter Garden-Ocoee,4
Counce,4
Michigan,4
Ellettsville,4
Bunkerville,4
Fishing Creek,4
Tatums,4
Gladewater,4
Cliffside Park,4
Folly Beach,4
Pisgah,4
Seiling,4
Fieldon,4
Mallard,4
Jeffrey City,4
Surrency,4
Brockwell,4
Lidgerwood,4
Ingalls,4
Mount Holly Springs,4
Wishek,4
Musselshell,4
Levering,4
North Adams,4
Churchs Ferry,4
Harrah,4
Bieber,4
Mooresburg,4
Saint Louisville,4
Harrod,4
Ysleta Del Sur Pueblo,4
Vacherie,4
Summer Shade,4
East Rancho Dominguez,4
Holgate,4
Bee,4
Willacoochee,4
Radcliffe,4
Breese,4
Phoenicia,4
San Augustine,4
Mineral Bluff,4
Nezperce,4
Monclova,4
Cadyville,4
Lowellville,4
Constantia,4
Thomas,4
Northfork,4
Moores Hill,4
Allons,4
Blue Ridge Summit,4
Bayou La Batre,4
Bouton,4
Dorothy,4
St Jacob,4
Indian Springs,4
Rio Hondo,4
Carrier Mills,4
Thompsonville,4
Keokuk,4
Crown,4
Harlowton,4
Wilber,4
Upper Keys,4
Newsoms,4
Kitty Hawk,4
Paonia,4
Gowanda,4
Ironwood,4
Coffee Creek,4
Laneview,4
Toomsboro,4
Iuka,4
Silverlake,4
Goddard,4
Henriette,4
Rocksprings,4
Stowe,4
Delbarton,4
Schaefferstown,4
Pleasant Mount,4
Emerald Isle,4
Kendrick,4
Cerrillos,4
Anton,4
Briceville,4
Kure Beach,4
Mc Leansboro,4
Basye,4
Lineboro,4
Virginia State University,4
Norris City,4
Vowinckel,4
Union Star,4
Liberal,4
Hale Center,4
Wooldridge,4
Deerbrook,4
Fields Landing,4
Balsam Grove,4
Escanaba,4
Grayland,4
Louann,4
Fort Drum,4
Mays,4
Earl Park,4
Tylertown,4
Essex Fells,4
Woodbourne,4
Rochdale,4
Barryville,4
Dorena,4
West Caldwell,4
Woods Hole,4
Margarettsville,4
South New Berlin,4
Hustle,4
Hackett,4
St Georges,4
Mellen,4
Shaker Heights,4
Belspring,4
Baldwin City,4
Dameron,4
King Ferry,4
Elm Grove,4
Apalachicola,4
Tell City,4
Kingfield,4
Clay City,4
Naval Anacost Annex,4
Harpster,4
Louisville Airport,4
Ixonia,4
Dovray,4
Beach Lake,4
Fort Harrison,4
Solsberry,4
Kansasville,4
Port Barre,4
Geff,4
Karval,4
Coaldale,4
Lepanto,4
Vesper,4
Van Alstyne,4
Moberly,4
Concan,4
Snoqualmie Pass,4
Usk,4
Pryor,4
Galesville,4
Clarinda,4
District 6 Spauldings,4
Highland City,4
Winifrede,4
Newkirk,4
Watauga,4
Bard,4
Hart,4
Pollock,4
Lauderdale By The Sea,4
Woodsville,4
Lacrosse,4
Bryant Pond,4
Cramerton,4
South Brunswick,4
Ingomar,4
Skippack,4
Collingdale,4
Bridgeboro,4
Conewango Valley,4
Ringle,4
Macungie,4
Wauregan,4
Naylor,4
Vine Grove,4
Durbin,4
Renwick,4
Libertytown,4
Aquasco,4
Blackwell,4
Nooksack,4
East Rockaway,4
Tubac,4
Mount Tremper,4
Priest River,4
Newberry Springs,4
West Wardsboro,4
German Twp,4
La Pryor,4
Rule,4
Smoot,4
Mount Storm,4
Mingus,4
Portland West,4
Wentworth,4
Herscher,4
Pedro,4
Nye,4
Hannaford,4
Luzerne,4
Manns Harbor,4
Fort Sill,4
South Dayton,4
Spalding,4
Lipan,4
Armbrust,4
Romance,4
Paola,4
Mt Ulla,4
Beersheba Springs,4
McNeil,4
Radersburg,4
Shade,4
Bullock,4
Scandinavia,4
Parker City,4
Pollok,4
Au Gres,4
Hegins,4
Iron Mountain,4
Manzanita,4
Lupton City,4
Perryton,4
Glidden,4
The Rock,4
Sheppard Afb,4
Graettinger,4
Heidelberg,4
Polo,4
Mizpah,4
Bogata,4
Addy,4
Enville,4
Boyne City,4
Rubicon,4
Muir,4
Hood,4
Middle Point,4
Hawthorn,4
Lone Jack,4
Borden,4
Philippi,4
Califon,4
Gruver,4
Saxon,4
Edgemont,4
Kenoza Lake,4
Jim Falls,4
Suncook,4
Seadrift,4
Morral,4
Altmar,4
Muenster,4
Pilot,4
Letts,4
Prospect Hill,4
Fenwick,4
Boscobel,4
Oark,4
Sedley,4
Fulshear,4
New Underwood,4
Saint Georges,4
Moffit,4
Guttenberg,4
Indian Hills,4
Cold Brook,4
Calexico,4
Prestonsburg,4
Mccammon,4
Harveys Lake,4
Griffithville,4
Taftville,4
Forestdale,4
Montour Falls,4
Dorrance,4
Torbert,4
Bonnerdale,4
Wilsonia,4
Cranesville,4
Shelbina,4
Eldora,4
Richboro,4
Pembine,4
Rowlesburg,4
Shenandoah Junction,4
York New Salem,4
Sedan,4
Pownal,4
Redgranite,4
Ash Flat,4
Gould City,4
Glen Richey,4
Silver City,4
Stearns,4
New Salisbury,4
Bakerstown,4
Colerain,4
Slaton,4
Barling,4
Otwell,4
Okeana,4
Ashfield,4
Piankatank,4
Harpersfield,4
Paulding,4
Arena,4
Redkey,4
Flower Mound,4
Weare,4
Wykoff,4
Bluewater,4
Martelle,4
Grahamsville,4
Mineral Springs,4
Twain Harte-Tuolumne City,4
Zion Grove,4
Mt Tabor,4
Rosie,4
Cord,4
Normandy,4
San Saba,4
Robert,4
Chestnutridge,4
Rose City,4
Spindale,4
Cut Off,4
Jennerstown,4
Tarzan,4
Six Lakes,4
Juda,4
Petroleum,4
State Center,4
Fanwood,4
Nanticoke,4
Gratiot,4
Waterman,4
Tenaha,4
Traer,4
Willowick,4
Sioux Rapids,4
Edgecomb,4
Gladwin,4
Shiocton,4
East Hartland,4
Suttons Bay,4
Buna,3
Oconto Falls,3
Amberg,3
Hahnville,3
Custar,3
Holdenville,3
Hedley,3
Lance Creek,3
Hunters,3
Bruceton,3
La Center,3
Sawyerville,3
Colmesneil,3
Alledonia,3
Lovell,3
Grosse Pointe Farms,3
Waggoner,3
Jacksonville East,3
Gnadenhutten,3
Crossnore,3
Crooksville,3
Barnett,3
East Linn,3
West Edmeston,3
District 4,3
Pelican Lake,3
Elton,3
Osborn,3
South Kent,3
North Davis,3
Mayhill,3
Webbers Falls,3
Acosta,3
Pyote,3
Throop,3
Eckerman,3
Chalmette,3
Talbott,3
Severy,3
Forman,3
Mc Cutchenville,3
Surgoinsville,3
Mullinville,3
Paxico,3
Dugspur,3
Gassville,3
Fort Rice,3
McGill,3
New Athens,3
Elrosa,3
Kaiser,3
Bivalve,3
Patrick Air Force Base,3
Egg Harbor,3
Warnerville,3
Chepachet,3
Rodney,3
Horner,3
Nome,3
Delight,3
Lynndyl,3
Coalgate,3
Browntown,3
East Killingly,3
Farmerville,3
Rapids City,3
Port Haywood,3
Mt Perry,3
Vanleer,3
Horntown,3
Fort Ripley city,3
Nesquehoning,3
Hurtsboro,3
Loda,3
Rives,3
Kinder,3
Shavertown,3
Larrabee,3
Avon Lake,3
North Conway,3
Cedar Crest,3
Gueydan,3
East Bank,3
Carney,3
Fennimore,3
French Settlement,3
Radcliff,3
Rineyville,3
Locust,3
Fortine,3
North Washington,3
Herron,3
Mauk,3
Lenzburg,3
Marvell,3
East Fultonham,3
Prentiss,3
Mt Judea,3
Angelica,3
Quinlan,3
Withee,3
Kellyville,3
Northvale,3
Swansboro,3
Whitney,3
Seattle East,3
South Londonderry,3
Rich Hill,3
Horseshoe Bay,3
Winifred,3
Steelton,3
Pleasant Lake,3
Low Moor,3
North Ferrisburgh,3
Eastview,3
Wakeeney,3
East Schodack,3
Clawson,3
Maryland,3
Cummington,3
Ware,3
Gentryville,3
Greens,3
Sister Bay,3
Trout Lake,3
Shiner,3
Galva,3
Searsboro,3
Boyden,3
Haydenville,3
Cougar,3
North Prairie,3
Tehama,3
Tower Lakes,3
New Franklin,3
Mullen,3
Umpire,3
Charlemont,3
Lexa,3
Deary,3
Foxworth,3
Carrboro,3
Pleasant Hope,3
Two Buttes,3
Locust Dale,3
Sudan,3
Spring Dale,3
Valders,3
Grenora,3
Fort Gay,3
Lamy,3
New Trier,3
East Otto,3
Frewsburg,3
Gatesville,3
Granite Shoals,3
Milano,3
Lyndora,3
Bradyville,3
Mt Aukum,3
New Portland,3
Louisiana,3
Ocheyedan,3
Blandinsville,3
Birch River,3
West Mansfield,3
Angel Fire,3
Strum,3
Fieldsboro,3
Nutrioso,3
Downsville,3
Rock,3
Crested Butte,3
Manteo,3
West Oneonta,3
Bingham Canyon,3
Kountze,3
Dennis Port,3
Readyville,3
Portage des Sioux,3
Wartburg,3
Stark City,3
Brooktondale,3
Copalis Beach,3
Liberty Townshp,3
South Hadley,3
Hodgkins,3
Patagonia,3
Smelterville,3
Calvin,3
Nora,3
Dakota City,3
Dilworth,3
Bowbells,3
Briggs,3
Prophetstown,3
Appalachia,3
Stumpy Point,3
Lillie,3
Stump Creek,3
McSherrystown,3
East Bethany,3
Fort A P Hill,3
Bingham Farms,3
Tumacacori,3
McCook,3
Parrottsville,3
Dowling,3
Loveville,3
North Rim,3
Scotts Mills,3
Pansey,3
Plain Dealing,3
Barnet,3
Milford Center,3
Louise,3
Hailey,3
Villisca,3
Lovejoy,3
Purgitsville,3
Heron,3
Scott Bar,3
Armington,3
Petersham,3
Shavano Park,3
Odum,3
White Castle,3
Kintnersville,3
Cokeburg,3
Wyomissing,3
Duck Creek Village,3
Oolitic,3
Beaverdale,3
Saint Marks,3
Brooklyn Heights,3
District 24 Braddock,3
Carter,3
Anamoose,3
Amagon,3
Wheelersburg,3
White Earth,3
Fifield,3
Callands,3
Deale,3
Paron,3
Buckeye Lake,3
Grosse Pointe Park,3
Thawville,3
Island Pond,3
Westtown,3
Tripoli,3
Jourdanton,3
Cedar Mountain,3
Reeds,3
Siren,3
Van Etten,3
Saint Gabriel,3
Minoa,3
Stockport,3
Gwynedd,3
Gower,3
Lapwai,3
Coyle,3
Carolina Beach,3
Bally,3
North Troy,3
Lehr,3
Ford City,3
Fertile,3
Mangum,3
Ridott,3
Chetopa,3
Metz,3
Hanston,3
Ranchita,3
Rock Stream,3
South Pekin,3
Joes,3
South Acworth,3
Conneautville,3
Croton,3
Walhonding,3
Eglon,3
Markesan,3
South Huntington,3
Paullina,3
Bisbee,3
Challis,3
St Anne,3
Beemer,3
West Hurley,3
Valley Forge,3
Peckville,3
Rentz,3
Remus,3
Lighthouse Point,3
Washtucna,3
Glen Daniel,3
Catarina,3
Chazy,3
Moccasin,3
Driggs,3
North Street,3
Hildale,3
Strawn,3
Olmsted Twp,3
Kenesaw,3
Muse,3
McVille,3
Minetto,3
Fields,3
Pineview,3
Whispering Pines,3
Whitleyville,3
Lucile,3
Lower Merion,3
Elrama,3
Genoa City,3
Tacna,3
Palouse,3
Palmer Lake,3
Miller,3
Holmesville,3
District 10,3
La Ward,3
Godley,3
Vermontville,3
Centerview,3
Aspinwall,3
Fairchild Air Force Base,3
Quapaw,3
Clearbrook,3
Clark Mills,3
Fair Bluff,3
Mount Hermon,3
Rush Center,3
Pipestone,3
Thedford,3
Eagle Nest,3
Campbellsport,3
Darrow,3
Garland City,3
Wild Horse,3
Cooksburg,3
Manawa,3
Cuddy,3
Ansted,3
Yutan,3
West Baldwin,3
Taopi,3
Henley,3
Orchard Lake,3
West Richland,3
Oklee,3
North Utica,3
Mulvane,3
Paradis,3
Sinton,3
Randalia,3
Mossville,3
Dacono,3
North Bonneville,3
Center Tuftonboro,3
Ute,3
Mount Arlington,3
Gilboa,3
Kitzmiller,3
Marmarth,3
Wyndmere,3
New Freeport,3
Bankston,3
Pawnee,3
Westdale,3
Fox Island,3
Merna,3
Baltic,3
Bent Mountain,3
Beach Haven,3
Mc Crory,3
Isle of Palms,3
Miles,3
Strawberry,3
Cedar Run,3
Walford,3
South Paris,3
Willow Creek-Hoopa Valley,3
Chase,3
Beldenville,3
Arnoldsville,3
Aztec,3
District 17 Chillum,3
Sabinal,3
Munroe Falls,3
Bridgton,3
Cogswell,3
Alcove,3
Leakesville,3
Bingham,3
East Norriton,3
Atlas,3
Malinta,3
Haviland,3
Rossburg,3
Shady Valley,3
Cannon Ball,3
Hardinsburg,3
Manilla,3
Dauphin Island,3
Boykins,3
Valmora,3
Hogansburg,3
Normalville,3
Keota,3
Quinault,3
Lutts,3
Blue Hill,3
Camanche,3
Lisbon Falls,3
Edelstein,3
St Paris,3
Ossian,3
Sugar Run,3
Oilmont,3
Opheim,3
New Leipzig,3
Ville Platte,3
Knox City,3
Paul Smiths,3
Coplay,3
Ruthven,3
Allenport,3
San Patricio,3
Clarence Center,3
Silex,3
Bridge City,3
New Washington,3
Nova,3
Mescalero,3
Branch,3
Arrey,3
Pinola,3
Inlet,3
Lodgepole,3
Loup City,3
Hennepin,3
Almena,3
North Coastal,3
Mindoro,3
Gillham,3
District 9,3
Buckfield,3
South Grafton,3
Cocoa Beach-Cape Canaveral,3
Poca,3
Nespelem,3
Rapelje,3
Bardonia,3
Lambert,3
Harman,3
Kinsman,3
Clarkrange,3
Morann,3
Buckeystown,3
Cassadaga,3
Sparland,3
North Brookfield,3
Fritch,3
Red Bay,3
Velpen,3
North Berwick,3
Vineyard Haven,3
Earlville,3
Isleta,3
Calhoun City,3
Wyaconda,3
Everly,3
Rosston,3
Mt Morris,3
Thiells,3
Mc Henry,3
Sebewaing,3
Bitely,3
Fowlerton,3
Wyanet,3
Rose Valley,3
East Wakefield,3
Goose Lake,3
Klickitat,3
Aripeka,3
Canyon Lake,3
West Bountiful,3
Braddyville,3
Shannock,3
Bonham,3
Dillonvale,3
Mershon,3
Meeteetse,3
Nettleton,3
Sandisfield,3
Pitts,3
Witter Springs,3
Rock Creek,3
Wrightsville Beach,3
Belzoni,3
Bendersville,3
Trempealeau,3
Quinebaug,3
Sandy River Plt,3
Steep Falls,3
Fort Jennings,3
Westphalia,3
Talmoon,3
Tilden,3
Germansville,3
Harmon,3
East Whatcom,3
Lacon,3
Wilkinsburg,3
Findley Lake,3
Desmet,3
Eliot,3
Red Boiling Springs,3
Maljamar,3
Chaptico,3
Stout,3
South Portsmouth,3
West Valley,3
District 2,3
Northlake,3
Laurelville,3
Merrionette Park,3
Cassoday,3
Honey Creek,3
East Dundee,3
West Harwich,3
Hoyleton,3
Keenes,3
Bay Village,3
Baggs,2
Lanesborough,2
Big Prairie,2
Wataga,2
Marks,2
Weinert,2
Bude,2
Valley Bend,2
Lowden,2
Lone Rock,2
Bunceton,2
Yatesboro,2
Owen,2
Slatyfork,2
Presque Isle,2
Idlewild,2
Decaturville,2
Gays Mills,2
Beaver Meadows,2
Alvordton,2
Lyerly,2
New Glarus,2
South Euclid,2
Lyon,2
Aneta,2
Williams Bay,2
Algonac,2
Norridgewock,2
Nobleboro,2
Waltersburg,2
Brinkhaven,2
West Granby,2
Texline,2
Lake Cormorant,2
Eau Galle,2
Grand River,2
Ackerman,2
Wheatfield,2
Venango,2
Redlake,2
Hornitos,2
Pipe Creek,2
Leupp,2
Jewell,2
Point Marion,2
Harrogate,2
Dawson Springs,2
Hickory Corners,2
Mount Calvary,2
Kirksville,2
Kelly,2
Ojo Caliente,2
Anadarko,2
Campti,2
Switz City,2
Prudenville,2
Caro,2
Moorland,2
Newry,2
Saulsbury,2
Clontarf,2
Florala,2
Yantis,2
Ellenburg Center,2
Matfield Green,2
Erick,2
Thetford Center,2
Keene Valley,2
Hale,2
North Clarendon,2
Coleridge,2
Mio,2
Bowersville,2
Wana,2
Waccamaw Neck,2
South Dartmouth,2
Parkhill,2
De Kalb Junction,2
Rosanky,2
West Enfield,2
Kill Devil Hills,2
Cardington,2
Blanchardville,2
Spooner,2
Garden,2
New Martinsville,2
Davisboro,2
Ocean Grove,2
Sagola,2
New Ross,2
Dorset,2
Vassalboro,2
Lonedell,2
Mechanic Falls,2
Tennessee,2
Palmview,2
Chewelah,2
Sac City,2
Deal,2
Glenwood Landing,2
Etoile,2
North Bay,2
East Montpelier,2
Wallback,2
West Gardiner,2
Dixfield,2
Lake Tahoe,2
Intervale,2
Hilltown,2
Ozone,2
Mclean,2
Seanor,2
Iroquois,2
Ravenwood,2
Lascassas,2
Turon,2
Chama,2
Meadow Bridge,2
Muldrow,2
Meramec,2
Cotton Valley,2
Meredosia,2
Clifton Township,2
Coalton,2
Laketown,2
Snydertown,2
Quakake,2
Green Castle,2
Mathias,2
Freetown,2
Geddes,2
Hartstown,2
Mc Intosh,2
Milmont Park,2
Michie,2
Toyah,2
Coushatta,2
Burlison,2
Obion,2
Chestnut Mound,2
Porterdale,2
Guntown,2
Ponca City,2
Bison,2
Rector,2
South Heart,2
Ryder,2
Novinger,2
Etlan,2
Placitas,2
Ocean Park,2
Fort Sumner,2
Byars,2
Picatinny Arsenal,2
West Halifax,2
Newark Valley,2
Bladen,2
Bernhards Bay,2
Still Pond,2
Bay Springs,2
Roann,2
Genola,2
Sackets Harbor,2
West Colusa,2
Slovan,2
Trezevant,2
Saffell,2
Tekoa,2
Erwinna,2
Olton,2
Starrucca,2
Lorane,2
Oscar,2
Santa Elena,2
Merritt,2
Bern,2
Ponderosa,2
Mulga,2
Sutersville,2
Singer,2
Ferguson,2
Oklahoma City Southwest,2
Larimer,2
Heltonville,2
Tunnelton,2
Coffeyville,2
Minocqua,2
North Beach,2
Russellton,2
Deepwater,2
Binford,2
Lowman,2
Coleharbor,2
Ave Maria,2
Kewanee,2
Southeast Jefferson,2
Twin Mountain,2
Smithers,2
Reeds Spring,2
Duff,2
Covington Township,2
Hambleton,2
Holman,2
Abita Springs,2
Elkville,2
Avinger,2
Surf City,2
Cuttingsville,2
Ceylon,2
Archie,2
Rockhill Furnace,2
Slaughters,2
Toxey,2
Parkers Lake,2
Blounts Creek,2
Robeline,2
Canaseraga,2
Hattieville,2
Dunn Center,2
Buckatunna,2
Charleston Afb,2
Screven,2
Wolford,2
Morganfield,2
East Smithfield,2
East Kern,2
Fessenden,2
Clairfield,2
Natural Dam,2
Netawaka,2
Indian Mound,2
Ansley,2
Little Genesee,2
Upham,2
New Cambria,2
Pettigrew,2
Falls Of Rough,2
South Barrington,2
Rollinsford,2
Hotevilla,2
Nettie,2
Kinney,2
Sugar Valley,2
Bromley,2
Newmarket,2
Luckey,2
Reagan,2
Chatom,2
Berlin Center,2
Lavon,2
Shaw,2
Chemung,2
Park River,2
Avon By the Sea,2
Dixon Springs,2
Teton,2
Omak,2
McGrady,2
Eaton Park,2
Hyrum,2
Dell City,2
Onslow,2
Albin,2
Arthur,2
Siloam,2
Pinetop-Lakeside,2
New Egypt,2
Ray City,2
Rushsylvania,2
Russells Point,2
Mt Ayr,2
Waterville Valley,2
Brutus,2
Summit Hill,2
Lummi Island,2
Peeples Valley,2
Cooke City,2
Hoffmeister,2
East Concord,2
Franklin Furnace,2
South Newfane,2
Emery,2
Kirtland,2
Gilbertville,2
Dummerston,2
District 6,2
Soso,2
Fort Eustis,2
Olmstedville,2
Glen Rose,2
Pace,2
Half Way,2
Bynum,2
Edward,2
Plevna,2
Gerlach,2
El Prado,2
Riddleton,2
Ringling,2
New Derry,2
Beccaria,2
Cabery,2
Narrowsburg,2
Higdon,2
New Vineyard,2
Centuria,2
North Freedom,2
Grand Isle,2
Roxton,2
Kewanna,2
Sweet,2
North Truro,2
Tariffville,2
Primos,2
Oberon,2
Minster,2
Ferriday,2
Colver,2
South Bound Brook,2
New Rockford,2
Lamoure,2
Tierra Verde,2
Formoso,2
Mountain Grove,2
Yellow Jacket,2
Payne,2
Monmouth Beach,2
Hunlock Creek,2
Provo-Orem,2
District 13,2
North Brentwood,2
Halls,2
Norfork,2
Forks Of Salmon,2
Wilmar,2
Wenonah,2
New Roads,2
Olmito,2
Gibson City,2
Grand Cane,2
Estero Island,2
Birney,2
Horicon,2
Three Chopt,2
West Brevard,2
South Bloomingville,2
Moundsville,2
Vancourt,2
Esopus,2
St Marks,2
Mc Adenville,2
Cookstown,2
Quecreek,2
Monette,2
Oceanside-Escondido,2
Baileyville,2
Pleasant Shade,2
Burkittsville,2
Desha,2
Rolling Hills,2
Cherry Creek,2
McEwensville,2
Millers Falls,2
Winside,2
Harrodsburg,2
Richmond Dale,2
Ferrisburgh,2
Cloutierville,2
Pewamo,2
Kennerdell,2
Denhoff,2
Pierre Part,2
Roodhouse,2
Earth,2
Cookville,2
Sonoita,2
Inchelium,2
Dewey Beach,2
Bicknell,2
La Quinta,2
Marcola,2
Dolomite,2
Charleston AFB,2
Penitas,2
North Blenheim,2
Lauderdale,2
Whigham,2
Quanah,2
Leipsic,2
Deering,2
Narragansett,2
Necedah,2
Allerton,2
Brinson,2
Asherton,2
Van Meter,2
Roxobel,2
Claryville,2
Wardsboro,2
Bradgate,2
Arbyrd,2
Rhame,2
Cottekill,2
Dixons Mills,2
Laura,2
Bayboro,2
Urich,2
New Bavaria,2
Fairlee,2
Iron Ridge,2
Blue Rock,2
Twisp,2
Stockdale,2
Milwaukie,2
Fries,2
Bull Valley,2
North Yarmouth,2
Seven Hills,2
Penn Hills,2
Yorkshire,2
Blue Creek,2
Bronwood,2
Fence,2
Willow,2
Shaftsbury,2
Ripton,2
New Sweden,2
Patuxent River,2
Campo Seco,2
Howells,2
Hawk Springs,2
Valley Lee,2
Hallettsville,2
Bradfordwoods,2
Hartwick,2
Tenstrike,2
Elmdale,2
Pendroy,2
Mirando City,2
Pahrump,2
Iraan,2
Crafton,2
Ranchester,2
Rillton,2
El Dorado Springs,2
Beavercreek Township,2
Milo,2
Turners Station,2
Melvin,2
Upper Red Lake,2
Indialantic-Melbourne Beach,2
Wikieup,2
Upper Jay,2
Tumtum,2
Jacobsburg,2
Okauchee,2
Dilliner,2
Lido Beach,2
Hyden,2
Rose,2
Lovilia,2
Cowlesville,2
Stella,2
Dunseith,2
Shaw Air Force Base,2
Tumbling Shoals,2
Jud,2
Hidalgo,2
Estell Manor,2
Tracys Landing,2
Belmont Hills,2
Haworth,2
Ascutney,2
Eidson,2
Brigantine,2
Kimberlin Heights,2
Hawk Point,2
Highgate Center,2
Edwall,2
De Graff,2
Wall Lake,2
Holder,2
Kevin,2
Wellesley Island,2
Owensburg,2
Hyde,2
Hagaman,2
Penasco,2
Canutillo,2
Beattie,2
Hedrick,2
San Antonio Central,2
Loysburg,2
Heart Butte,2
Pattison,2
Laketon,2
Spivey,2
Nara Visa,2
Alba,2
Coulee Dam,2
Mount Savage,2
San Fernando Valley,2
Lakebay,2
Chalkhill,2
Whiteside,2
Round Top,2
Kathio,2
Fort Peck,2
Stirling City,2
Brook,2
Port Norris,2
Sobieski,2
Ocate,2
Cooper,2
West Ossipee,2
Northwest Clackamas,2
Kempner,2
West Charleston,2
Underhill,2
Fort Dix,2
Newfields,2
Fielding,2
Northwest Travis,2
Dexter City,2
Chappell Hill,2
Glen Jean,2
Mt Bethel,2
Farson,2
Harcourt,2
Fox,2
Engadine,2
Milton-Freewater,2
East St. Louis,2
Shellman,2
Wyandotte,2
Spraggs,2
Davey,2
Three Bridges,2
Iredell,2
Sheyenne,2
Swea City,2
Mount Healthy,2
Heuvelton,2
Kiefer,2
La Fontaine,2
Mellenville,2
Centerton,2
Brackenridge,2
Codyville Plt,2
Rush Hill,2
Joint Base Lewis Mcchord,2
East Atlantic Beach,2
Guthrie Center,2
Parkland,2
Saint Jacob,2
South Hero,2
Shanksville,2
Leona,2
Lowry City,2
Perrinton,2
Rago,2
University,2
Wilkeson,2
Orion,2
Deport,2
Miranda,2
Ramsay,2
Paskenta,2
Tamworth,2
Sherwood Forest,2
Magnolia Springs,2
Franklintown,2
Glen,2
Port Gamble,2
Gilliam,2
Salmon,2
Wewoka,2
Powderly,2
Tilghman,2
Analomink,2
Fort Bidwell,2
Vanceburg,2
West Paris,2
Somonauk,2
Flippin,2
Burgoon,2
Elida,2
Lawtons,2
Waverly Hall,2
Wathena,2
Pawnee City,2
Ruso,2
Flasher,2
Stockett,2
Kramer,2
Shelter Island,2
Hulbert,2
Brisbin,2
Freer,2
Christopher,2
Palacios,2
Gilbertown,2
Suquamish,2
Kansas,2
Buckholts,2
Port Isabel,2
Richards,2
Concord Twp,2
Griswold,2
Tejon Ranch,2
Anson,2
Hartleton,2
Waltonville,2
Gotebo,2
Hiltons,2
Deshler,2
McLeod,2
Maxwelton,2
Cynthiana,2
Mc Dade,2
Orange Grove,2
Westmoreland City,2
Olsburg,2
Woodberry Forest,2
Fort Gibson,2
Ovett,2
Schroeder,2
Blevins,2
Mariah Hill,2
Valmy,2
Little Rock Air Force Base,2
Conrath,2
Readsboro,2
Watersmeet,2
Hensonville,2
Altona,2
White Sands,2
West Sierra,2
Lahoma,2
Bay Pines,2
Collbran,2
Lumberville,2
Bybee,2
Sublette,2
River Rouge,2
Oktaha,2
New Durham,2
South Whitley,2
Kadoka,2
Cantrall,2
Edwardsport,2
Tribune,2
Maurepas,2
Minatare,2
Midwest,2
Dearing,2
Megargel,2
Brush Valley,2
Roma,2
Ocean Beach,2
South Range,2
Smiths Grove,2
Roxie,2
Rapid City,2
Kossuth,2
Gulph Mills,2
Los Ranchos,2
Bath Springs,2
Maple City,2
Martell,2
Beaver City,2
Harts,2
Tichnor,2
Mc Coy,2
New Salem Borough,2
Conesville,2
Shutesbury,2
Lutsen,2
Imogene,2
Hunnewell,2
District 14,2
Oswayo,2
Fruitdale,2
Cottonwood Falls,2
Ryland Heights,2
Jolon,2
Wellman,2
Starlight,2
Sarah,2
Sequatchie,2
Glen Arbor,2
Copake Falls,2
Kevil,2
Mount Perry,2
Farmdale,2
Carlinville,2
Waukomis,2
Counselor,2
Upper Gwynedd,2
River Vale,2
Rosemary Beach,2
Itta Bena,2
Wallaceton,2
Calipatria,2
Calvert,2
Big Wells,2
Cottage Hills,2
North Zulch,2
Breezy Point,2
Daggett,2
Hodgdon,2
Lake Tomahawk,2
Eolia,2
Collyer,2
Summers,2
Guildhall,2
Vallecitos,2
Leadore,2
Higginson,2
Steeleville,2
Pinkhams,2
Springfield Center,2
Kinsley,1
American Fork-Pleasant Grove,1
Jeanerette,1
Rebecca,1
Avera,1
Lake Andes,1
Saint Croix,1
Berlin township,1
District 1 Abingdon,1
Selby,1
Smackover,1
Lemmon,1
Heavener,1
Velarde,1
Killona,1
Corrales,1
Fitzhugh,1
Minong,1
Adena,1
East Waterboro,1
South Roxana,1
Gap Mills,1
Primm Springs,1
Otway,1
Fairbank,1
Harbeson,1
Middlesboro,1
Edgard,1
Idaho City,1
East Point,1
Castleton,1
Urbancrest,1
Ransom,1
Garwin,1
Ela,1
Crystal,1
Meraux,1
Guymon,1
Hominy,1
Bethel Heights,1
Lake Providence,1
Immaculata,1
Port Gibson,1
Deville,1
Jena,1
Headrick,1
Clearmont,1
Leonardville,1
Merigold,1
Glasford,1
Mc Nabb,1
Osawatomie,1
South Heights,1
Jenera,1
Burr Hill,1
Santa Anna,1
Pine Knot,1
Isola,1
Belle Valley,1
Hartford City,1
Gilmore City,1
Benkelman,1
Casstown,1
Grand Rapids city,1
Ecorse,1
Uriah,1
West Peoria,1
Menno,1
Lenoxville,1
Clifford Township,1
Sour Lake,1
Rankin,1
District 5 Dublin,1
New Straitsville,1
Stigler,1
Lesterville,1
Dawn,1
Council Grove,1
Texola,1
Burnett,1
Sandoval,1
Odin,1
North Star,1
South Williamson,1
Swan Lake,1
Coffeen,1
Tidioute,1
Rozet,1
Radisson,1
Mountain Dale,1
Keosauqua,1
Jachin,1
Topton,1
Corinna,1
Bayside Hills,1
Falling Rock,1
District 7,1
Brandamore,1
Suches,1
Baxter Springs,1
Fontana Dam,1
Tiltonsville,1
Adairville,1
Bowmanstown,1
Gibbonsville,1
Nodaway,1
Cruger,1
Mulkeytown,1
Coburn Gore,1
Ipava,1
Butlerville,1
Wauzeka,1
Otisco,1
Bentley,1
Zionville,1
Pike,1
Rich,1
South Sterling,1
Mexia,1
Lovelady,1
Ekalaka,1
West Pittston,1
Okanogan,1
Navarro,1
Rudy,1
Washington Navy Yard,1
Mt Storm,1
Gerrardstown,1
Old Appleton,1
Wildrose,1
Quebeck,1
Fairway,1
Big Flats,1
Purdon,1
Piseco,1
Stennis Space Center,1
Richland VIII,1
South Tamworth,1
Langford,1
Brownfield,1
Louviers,1
Basile,1
Lyford,1
North Syracuse,1
Brashear,1
Glen Lyon,1
Orchard Beach,1
Adger,1
Marissa,1
Shady Side,1
Longbranch,1
Tyler Hill,1
Emigsville,1
Parsonsfield,1
Lockney,1
Wingo,1
Sinclairville,1
Gerry,1
Frenchburg,1
Kiamesha Lake,1
Pimento,1
Shullsburg,1
Fourmile,1
Vashon,1
Orland Hills,1
Yarrow Point,1
Queen,1
Merom,1
Clyde Park,1
Pierre,1
Prairie Village,1
Gering,1
Gunpowder,1
Quil Ceda Village,1
Lockland,1
Pellston,1
Mouthcard,1
Lincolnville,1
Whittemore,1
Margate City,1
Ventnor City,1
Sauk Village,1
Park Hill,1
Hansen,1
Rothbury,1
Kings Mills,1
Kiel,1
Bluford,1
Monon,1
District 13 Kent,1
Capitan,1
Crump,1
Clopton,1
Port Hope,1
Maybee,1
Ranburne,1
West Manchester,1
Icard,1
McMechen,1
New Woodstock,1
Meadow Creek,1
Hornbeak,1
Godeffroy,1
Morehead City,1
Jerusalem,1
New Riegel,1
Salt Lick,1
Fredon Township,1
District C,1
Fort Recovery,1
Tamms,1
Golf,1
St Benedict,1
Wingina,1
Manitowish Waters,1
Adolphus,1
Derby Line,1
Wild Rose,1
Duke,1
Eitzen,1
Oklahoma City Northwest,1
Alvaton,1
Fountainville,1
Gun Barrel City,1
Pewee Valley,1
Hooven,1
Annada,1
Fruithurst,1
St Martinville,1
South Hills,1
Heaters,1
Villa Grande,1
Arkansas City,1
Speculator,1
Lecontes Mills,1
Ord,1
Mt Rainier,1
Miromar Lakes,1
Big Clifty,1
Tamiment,1
Offerle,1
Miamitown,1
Kechi,1
Thief River Falls,1
Midfield,1
Edgartown,1
Mc Kee,1
Fluvanna,1
Green Springs,1
Abiquiu,1
Glenn Heights,1
West Leyden,1
Yoakum,1
Cataumet,1
Pecan Gap,1
Water Valley,1
Alderson,1
Blacksville,1
Pointblank,1
Saint Germain,1
Bolling Afb,1
Lake Ozark,1
Kirklin,1
Bedias,1
Mound Valley,1
Cave Springs,1
Walling,1
Sipesville,1
San Juan Pueblo,1
Colcord,1
Beach,1
Northeast Travis,1
Neuse,1
Continental,1
Oliveburg,1
Chapman,1
Stark,1
Mesilla Park,1
Berryton,1
Lone Oak,1
Paul,1
Keshena,1
Tridell,1
Tarawa Terrace,1
Drakesboro,1
Ohio,1
Rowan,1
Capulin,1
Saint Hedwig,1
Pinedale,1
North Chatham,1
Hustisford,1
Lowndesville,1
Sherrard,1
Normanna,1
Arnoldsburg,1
Vaucluse,1
Gauley Bridge,1
Cedarbluff,1
Eldorado Springs,1
Caneyville,1
Ider,1
Window Rock,1
Port Carbon,1
Eustace,1
Bluff Dale,1
Moonachie,1
Wimauma-Riverview,1
Hobbsville,1
Long Eddy,1
Haynesville,1
Tuskegee Institute,1
Tabernash,1
Wausa,1
Renick,1
Malcolm,1
Mc Caulley,1
Boxholm,1
Alloway,1
West Elizabeth,1
Gail,1
Brock,1
Magnetic Springs,1
Broadwater,1
Satanta,1
Prairie Du Chien,1
Nageezi,1
Bloom,1
Layland,1
Deep Water,1
Clyo,1
Hurlburt Field,1
Rolling Fork,1
McCloud-Medicine Lake,1
Hoskins,1
Fort Gordon,1
Noonan,1
Milmay,1
Morland,1
Poultney,1
George,1
Glen Wild,1
Rhine,1
Lindside,1
Burkesville,1
Hilham,1
Blue Rapids,1
Mt Gretna,1
Maybrook,1
Cullom,1
Sadorus,1
Flournoy,1
Gratis,1
Carmine,1
Valhermoso Springs,1
Fort Laramie,1
Pine Beach,1
Duryea,1
Mize,1
Diller,1
Lime Springs,1
District 16,1
Hazel,1
Mazon,1
Birds Lndg,1
Fairchance,1
Kimballton,1
Swissvale,1
Golden City,1
Coburn,1
San Antonio North,1
South Santa Clara Valley,1
Macy,1
North Montpelier,1
Tiro,1
Alston,1
Entiat,1
Redby,1
Section,1
Courtenay,1
Talco,1
Sartell,1
East Sparta,1
Mango,1
Lohrville,1
Tingley,1
Mattamiscontis Twp,1
Pindall,1
Meta,1
Cornwall On Hudson,1
Tahoka,1
Helenwood,1
Niwot,1
Yeso,1
Luana,1
East Dummerston,1
Sandia Park,1
Mirror Lake,1
Bandera,1
Mc Comb,1
Proberta,1
Cattaraugus,1
Petty,1
Dixmoor,1
Moriah Center,1
Grand Valley,1
Virginia Dale,1
Fort Gaines,1
Malo,1
Daufuskie Island,1
Rouses Point,1
Milbank,1
Correll,1
Rainbow,1
Davisville,1
Mt Enterprise,1
Lukeville,1
Fish Haven,1
Elfrida,1
Bolckow,1
Boling,1
Hunt,1
Corolla,1
Ballinger,1
Delcambre,1
Phillipston,1
Saginaw city,1
Busy,1
Gunter,1
Granite Quarry,1
Marfa,1
Laclede,1
Carolina,1
Mount Upton,1
Wolfe City,1
Turners Falls,1
Old Forge,1
Coldspring,1
Fort Polk,1
Mc Leod,1
Pilot Mound,1
Schuyler Falls,1
West Dennis,1
Greenwood Lake,1
Millry,1
West Columbia-Cayce,1
Worland,1
Travis Afb,1
Boulder Junction,1
Marine City,1
East Fairfield,1
Elsie,1
Ebervale,1
Grundy Center,1
Reynolds Station,1
Otranto,1
Sierra,1
Colliers,1
Arvonia,1
Florien,1
Vergas,1
Skowhegan,1
Pocono Manor,1
Central Jefferson,1
Dunnville,1
Croatan,1
Mc Connellstown,1
Wolsey,1
Iowa Hill,1
Delancey,1
Ore City,1
Plankinton,1
Crookston,1
Slickville,1
Noble,1
Coral,1
Hatchechubbee,1
Kronenwetter,1
Rosiclare,1
Big Indian,1
Scooba,1
Larchwood,1
Robards,1
Wahkiacus,1
South Shore,1
Hubbardsville,1
Elka Park,1
Union Gap,1
Nehawka,1
Falkner,1
Garnavillo,1
Valley Spring,1
Windfall,1
Cohutta,1
La Harpe,1
Copalis Crossing,1
Idabel,1
Skidmore,1
Dodson,1
Tyaskin,1
Exira,1
Monango,1
Alverda,1
Red Cloud,1
Silver Gate,1
Peak,1
Brusett,1
Turtletown,1
Forbes,1
San Isidro,1
Roswell-Alpharetta,1
Mcdaniel,1
Shell,1
Kingfisher,1
Indian Valley,1
Chelan,1
Delanco,1
Millfield,1
Minot AFB,1
Girardville,1
Ship Bottom,1
Bayou la Batre,1
Guys Mills,1
Lakeside Marblehead,1
Emory,1
Beaverton-Hillsboro,1
Shubuta,1
Mont Alto,1
Clyde Hill,1
Cathay,1
East Grand Forks,1
Mooers Forks,1
Beardstown,1
Robbinston,1
North Hero,1
Canute,1
Norborne,1
Elmore City,1
Indiahoma,1
Frankton,1
West Collingswood Heights,1
Knott,1
Clarks,1
Ladd,1
Trivoli,1
Lisman,1
Hasty,1
Eckert,1
Morse,1
Curtis,1
Houghton,1
New Albin,1
Rensselaerville,1
Village Of Lakewood,1
Snowmass Village,1
Cordell,1
Eddystone,1
Manastash Ridge,1
South Hampton,1
Babcock,1
Dennistown,1
Cedaredge,1
Hebbronville,1
Laurel Bloomery,1
Barneston,1
Port St. Lucie,1
Marshallton,1
North Pinal,1
Shushan,1
Willow City,1
Dungannon,1
District 19,1
Cedar Park-Liberty Hill,1
Royal Center,1
Knotts Island,1
Port O Connor,1
Regent,1
Fordsville,1
Star Junction,1
Bruington,1
Curlew,1
North Greece,1
Sharps Chapel,1
Martindale,1
Nemo,1
Naytahwaush,1
Kewaunee,1
Tilleda,1
Robinsonville,1
McConnelsville,1
Brussels,1
Holtville,1
De Lancey,1
Guys,1
Refugio,1
Portland East,1
Hilliards,1
Medicine Lake,1
Cowan,1
Nobleton,1
Smithland,1
McKenna,1
Kintyre,1
Reddick-McIntosh,1
Maxbass,1
Burnside,1
Olaton,1
Science Hill,1
Wilburton,1
Bogalusa,1
Many,1
Douglass,1
Maple Rapids,1
Coal Hill,1
Paden City,1
Maylene,1
Leshara,1
Claridge,1
Center Conway,1
Hillsboro Beach,1
Binger,1
Somerton,1
Moyie Springs,1
Iota,1
East Dover,1
Carrizo Springs,1
Medimont,1
Red Mountain,1
West Brandywine,1
Young,1
Hawarden,1
Walker Lake,1
Mooers,1
Ponder,1
McClellanville,1
Zaleski,1
Boyers,1
Long Beach Township,1
District 21,1
Princeville,1
Olema,1
Morris Run,1
Lathrup Village,1
Kenney,1
South Plymouth,1
Trinchera,1
Gracemont,1
Richland Springs,1
Mount Pulaski,1
Holy Cross,1
Severance,1
Shongaloo,1
Castle,1
Kenedy,1
Honoraville,1
Panama City Beaches,1
McEwen,1
Minnewaukan,1
Chaseley,1
Fingal,1
Bristol town,1
Munising,1
Lac Du Flambeau,1
Friedheim,1
Odonnell,1
Mapleville,1
Fluker,1
Struthers,1
Senath,1
Ellis,1
Cinebar,1
Indian Wells,1
Palm River-Gibsonton,1
Newburgh Heights,1
College Place,1
Happy Creek,1
Levant,1
Fairchild,1
Livermore Falls,1
Le Raysville,1
Silsbee,1
Bruning,1
Remsenburg,1
Chokoloskee,1
Streeter,1
District 6 Northern,1
Central Coast,1
Silver Grove,1
Sullivan City,1
Sandyville,1
Gracewood,1
Weaubleau,1
Lost Nation,1
Dazey,1
West Camp,1
Taiban,1
State University,1
Galata,1
Saint Olaf,1
Mountain Pine,1
Dennisville,1
Finley,1
Saint Benedict,1
Lone Grove,1
Anacoco,1
Estillfork,1
Walla Walla-College Place,1
Sidney Center,1
Bon Secour,1
Guston,1
Village Of Indian Springs,1
Wanette,1
Trafalgar,1
Jasonville,1
Bartelso,1
Poteau,1
Curryville,1
Mecosta,1
Vaughnsville,1
Wimbledon,1
Belcourt,1
Homedale,1
Mott,1
Fountain Hills,1
Blue Mountain Lake,1
Fort Monmouth,1
Ridgedale,1
Willow Island,1
Richey,1
Medusa,1
St Leonard,1
Lakeside-Marblehead,1
Crane Hill,1
North Venice,1
Kincaid,1
Valliant,1
Fort Towson,1
La Conner,1
Vestaburg,1
Trilla,1
Maroa,1
Ponca,1
Springerton,1
Ivydale,1
Knippa,1
Leaf River,1
Vossburg,1
Stamping Ground,1
Karlsruhe,1
Selfridge,1
Coinjock,1
Outlook,1
Robins,1
Malmstrom AFB,1
Trementina,1
Etna Green,1
Philmont,1
Alder,1
Bienville,1
East Thetford,1
Wolfforth,1
Mineville,1
St. Pete Beach,1
Atlantic Mine,1
Thurston,1
Smith Valley,1
Rheiderland,1
Carmi,1
City Of Spokane Valley,1
Laona,1
Combs,1
Suwannee,1
Follansbee,1
North Pownal,1
Ludlow Falls,1
Arenas Valley,1
Guy,1
Crosswicks,1
Donnelsville,1
Nantucket,1
Enders,1
Conemaugh,1
Aroda,1
Spring Bay,1
Marble Hill,1
Hazelhurst,1
Keytesville,1
Everglades City,1
District 2 Frederick,1
North Collins,1
Oneill,1
Hermanville,1
McAlister,1
West Helena,1
Olla,1
Alvada,1
Harbor Springs,1
Whitley City,1
George West,1
Perkins,1
Warrensville Heights,1
Maddock,1
Stromsburg,1
Chesterbrook,1
Sykeston,1
Rociada,1
Bottineau,1
Pleasant Ridge,1
Mohall,1
Platte Center,1
Mamou,1
Lake Huntington,1
Wilkinson,1
Sarona,1
Searchlight,1
Camden on Gauley,1
Rockvale,1
Eola,1
Union Park,1
Hanscom Afb,1
Green Spring,1
Blue Eye,1
Riesel,1
Starks,1
Winona Lake,1
West Brooklyn,1
Garfield Heights,1
River Oaks,1
Springport,1
Trexlertown,1
Ebeemee Twp,1
Wishram,1
Mc Gill,1
Cedar Point,1
Eastborough,1
Belle Rose,1
Wentworths Location,1
Tolar,1
Ottawa Hills,1
Elsinore Valley,1
Peoria Heights,1
Pottsboro,1
Pickensville,1
Custer Park,1
Green Village,1
Pitcairn,1
Falls,1
Penns Creek,1
Lyburn,1
Pickett,1
Limerick,1
Moriah,1
Check,1
Olcott,1
Middle Brook,1
Blawnox,1
Trevor,1
La Monte,1
Midwest City,1
Walnut Hills,1
Slade,1
Carrabassett Valley,1
Bridgewater Corners,1
Man,1
Brookeland,1
Garden Plain,1
Simmesport,1
Cosmos township,1
Beaver Dams,1
Haskins,1
Faxon,1
Hodgenville,1
Irons,1
Marenisco,1
Gooding,1
Robinson,1
Poy Sippi,1
Raysal,1
Eleanor,1
Cuero,1
Gladbrook,1
Mc Clelland,1
Glen Flora,1
Two Rivers,1
East Dorset,1
Palos Verdes Estates,1
Pelican,1
La Farge,1
State Line,1
Irasburg,1
Patten,1
Cabins,1
Nortonville,1
Ira,1
Hornick,1
Elroy,1
Black River,1
West Santa Cruz,1
Russian River-Sonoma Coast,1
South Cairo,1
Bretton Woods,1
Alcova,1
Vashon Island,1
Dellrose,1
Manchester Center,1
Mears,1
Elk Rapids,1
East China,1
Grosse Ile,1
Armada,1
Township 6 Clear Creek,1
Pine Apple,1
Brownstown Twp,1
Munday,1
Northwoods,1
Richwoods,1
Bernice,1
Houghton Lake Heights,1
Stamps,1
Carl Junction,1
Smithdale,1
Ackley,1
Strabane,1
Deer Valley,1
Otterbein,1
Ray Brook,1
Bronston,1
Township 9,1
Mound Bayou,1
Roe,1
Fordland,1
Burdette,1
Minturn-Red Cliff,1
Metaline Falls,1
Bent,1
Batesland,1
Emington,1
Wolbach,1
La Luz,1
Rockleigh,1
Summitville,1
North Bennington,1
Russia,1
East Central Washington,1
Westbrookville,1
Anabel,1
Star Lake,1
Oswegatchie,1
Mc Caskill,1
Eagle Bay,1
Jackman,1
Martinton,1
Holly Grove,1
Daniel,1
Ketchum,1
New Limerick,1
Springbrook,1
Hagerhill,1
Catoctin,1
Chana,1
Greenview,1
Dunkerton,1
Forrest,1
Mooseheart,1
Smokerun,1
Cat Spring,1
Rapid River,1
Niagara University,1
Pitcher,1
De Ruyter,1
Omar,1
Germfask,1
Liebenthal,1
Duck Hill,1
Brushton,1
Trenary,1
Damariscotta,1
Stites,1
Bucksport,1
Rensselaer Falls,1
Chauncey,1
Westwood Hills,1
Searsmont,1
East Hancock,1
Downing,1
Glenwood City,1
Ashley Falls,1
Camp Wood,1
Southwest Dallas,1
Taylorville,1
Kendleton,1
Masardis,1
Okaton,1
Stockton Springs,1
Cooks,1
Rarden,1
S Coffeyville,1
Muldraugh,1
Gregory,1
Amber,1
Key Colony Beach,1
Seney,1
Thousandsticks,1
Varna,1
Lublin,1
Wasta,1
Adell,1
Lerona,1
Westmorland,1
McDermott,1
Willshire,1
Mc Camey,1
Tollesboro,1
Clarksdale,1
Ness City,1
Pond Eddy,1
Ellamore,1
Kenockee,1
Waldoboro,1
White River,1
Aberdeen Proving Ground,1
Bradford township,1
Assaria,1
